-- phpMyAdmin SQL Dump
-- version 5.1.1
-- https://www.phpmyadmin.net/
--
-- Host: 127.0.0.1
-- Creato il: Feb 14, 2022 alle 14:54
-- Versione del server: 10.4.21-MariaDB
-- Versione PHP: 8.0.11

SET SQL_MODE = "NO_AUTO_VALUE_ON_ZERO";
START TRANSACTION;
SET time_zone = "+00:00";


/*!40101 SET @OLD_CHARACTER_SET_CLIENT=@@CHARACTER_SET_CLIENT */;
/*!40101 SET @OLD_CHARACTER_SET_RESULTS=@@CHARACTER_SET_RESULTS */;
/*!40101 SET @OLD_COLLATION_CONNECTION=@@COLLATION_CONNECTION */;
/*!40101 SET NAMES utf8mb4 */;

--
-- Database: `avo4cam`
--

-- --------------------------------------------------------

--
-- Struttura della tabella `classes`
--

CREATE TABLE `classes` (
  `id` int(11) NOT NULL,
  `name` varchar(255) NOT NULL,
  `creation_date` date NOT NULL,
  `img_cover` blob DEFAULT NULL,
  `archived` tinyint(1) NOT NULL DEFAULT 0
) ENGINE=InnoDB DEFAULT CHARSET=utf8mb4;

-- --------------------------------------------------------

--
-- Struttura della tabella `courses`
--

CREATE TABLE `courses` (
  `id_course` int(11) NOT NULL,
  `email_creator` varchar(255) NOT NULL,
  `name` varchar(15) NOT NULL,
  `description` varchar(156) DEFAULT NULL,
  `creation_date` date NOT NULL,
  `subject` enum('Mathematics','Electrical engineering','Informatics','English','Statistics','Chemistry') NOT NULL,
  `img_cover` blob DEFAULT NULL
) ENGINE=InnoDB DEFAULT CHARSET=utf8mb4;

--
-- Dump dei dati per la tabella `courses`
--

INSERT INTO `courses` (`id_course`, `email_creator`, `name`, `description`, `creation_date`, `subject`, `img_cover`) VALUES
(1, 'avogadro4camerun@gmail.com', 'Database', 'How databases works? Installation, configuration and first step guide', '2022-02-14', 'Informatics', 0x89504e470d0a1a0a0000000d49484452000006b8000003840803000000cd08c1fd00000036504c54450f256e2089d1174d94296cca0000010713391b69af204ecf183a9e25a9ef133983fd3a30239de41f4ab7fefeff9633500e3d5bbac0d5ae90021b000020004944415478daecdd8d929aca16065069aa3a2597d2e3fbbfec157466d441a551a07b5c2ba752c9fc247398667fbd3760361b0000000000000000000000000000000000000000000000000000000000000000000000000000000000000000000000000080f788bbf0eb6de1501f7f348743ff01070709808c726bf73bb9e2e1b03b1c42ff9e66b7739400c845bddb0d25d7267469b5db1d9bad83e00220ab7e6b30b94ec175d835dd4f8e130059355c03c9750aaeb03bc45d145c0064d772dd26d739b84e97ba1c260072efb9cec1d51cdf2eb800c8bfe73a07d7e6b0db082e00f2efb942f7f0d6216c423cfd120032efb900a0a89e0b00721576920b8012734b720150566e492e00caca2dc9054059b925b9002823b70eee2d04a0a4dc6a3ccf054051b9d5fd9391920b807272ebf0f35bc70600b90500720b00b9e5d80020b700406e0120b71c1b003224b70028caf78b64c82d008a4aae4323b700282ab9e4160045a86fff3913b90540113d97dc02a0c09e4b6e015052cf25b70028a9e7925b0014d57375cf210340393d97e40240cf05007a2e00f45c920b003d1700e8b900e0b2e7125c0094d47305070280827a2eb90540493d97dc02000000000000000000000000000000000000000000000000000000000000000000000000000000000000000000000000000000000000000000000000000000000000000000000000000000000000000000000000000000000000000000000000000000000000000000000000000000000000000000000000000000000000000000000000000058500821c6589d1d7f797c83a302ea80a3428e4b35d655bb1dd45675b46ce10334c7bc52072862ad86bafd5e9be7edd55173da747dbdabaa43e358c11fae03d5401d08d775a05507c8a1d33a87d671a5de5b90c7043b2fdbd68e0bfe641d88e753fc711da8bec2cb1163c5d57a0aa46a4c1e1d57ad350b7f77f79a54072a758015576b521375fe94daac00fe88e67c52a7d481d8dac3b24e6c9d522b39829a7ecdda6ec19fa803d52b75a05507587293d5afbaa91ba6f35a7718a16c2fed42433d2df360e26ce0e5e0e916bc8921145d07da77d481ad3ac052b1f5faa8af1f35eabaa0d46eeb2da3be7efc22ba586238f09e2b54dd9235300475401d6056a17de78d15dd9fe6f22c945807de77e6f6d1a50e3097e6ed0bac0f4273025007d401e6990ecc7055aa89e60450541d6867b83a1d5df266b66dd61c9ba2b9fe5c401de0e3dbadb93aa368c20d6508ed6c9d516c355dbcd9acdba16eb3553bc690bb7aee3a5039c6bc6f45cdbd178ac604907d1da8e6af03ad3ac0fbc60373cff216f82b0075804f119768e0bbcd9c150bf9e6d6126391d99b3a3e45bdd005a8da852e5007d401de60b91d50b46221dfdc5aae0eb8458317b50b4ef082150bb9ee5fd5014ad1548bdee563c5429e7560c92bd04dab0ef0da3e6bd9bb5383150b39d68145ef9c925c94d36f59b1a00ea80394d56ff52bd61d1a9095b8dd2e5f07241713d5ab3cc51e2417645507d678c2f2985cea00c5acd73eb93c8108f9f45b6bd501c9c59475133eeb4c01f2d947067580a2fa9eda2b6d4216d69cd8d9c1926cd56ba3d5b6f51d0075c07780b425b3ea3d3d1e44862cea40bbee5faf0e90d4a4af3bac738306e45007d61dd635ad3a40526e84d5cf1897b96055cdeafb47376890208387ff0c09c049e83217452d1643025857cce1ee5eafa04151ed79302c8435f78eb9d401c342c6ed71b2e8750c0be18f9e80617c8989868594b4500c0b61d53a30d7c823269ddaea00c50c086cb5605573e545738caded36a53b73d180750704c9a78e57d98455d4f36c1b43bded24d518170d286a7b63ab05eb9867f012aaed4958ff6be18f355c754e5f8cad169478ea0d6c39fb19612fb199abd5014a6a726cb5a0bc3a10eaf6d755ace627b6925f8f431d209b86ab1a7362d86a415975e06b1cd85c47d9f6526a28aa0364d27055a36eb6b5d58282eac0455f7571e236d5556ca5a7903a401e0d57b7bcc72457edc64258dac4d3aeb9ecabe2cde97e214cf882b45c3cdad82cd3709d16f288e4726361d61bf3a3d8a97a37e5e9567bfaa8fe13bacf74fc32ae0353be3bf16a015c465fbc5e081957263e68a395bc0abf26072392abf2d87c5e35ad8faae729354e7b0ab21054a59cc429fd4db85e116ddcdc6bb9da09a968f4c27d0b4d927f26decf932b78f98c3c7aab3eadb633ea336ce93eecbffd7effbf6fc7dfec7dafbb9849ff365c36556d7dbb13b9be3763c2663424bdd806365af3f55be392ab755976f5c0da2e6aa900bb8cac2b9f9e5e53368b176ba41af8de35db176fcf307a61e58cb82983cf922bba2cbb52628d0cacb653753faafa5ffde0bfeaf451dd278c0db0d9f2eb6e6809af291971b119adc298b33efd9295d10bf756df12ddf8ed9db14f7b2e97655788acf669541d53ea1846afa9fb2c7b1263edfbe3eb696a7d7676a59f714dfb24b6fa515fda79af0e30525ce2fae7ef5dfcb3156c46b058c57a1859a7b0fa37932ec41e4458175f6faa5bfb9b74da6ffefb49b49b4cdb7f661d489c717ce7561b134efcd4e4aad501062d30296c86a64f4f5670302b5c20b362acee07d67c797527c1ee0d0f637c7589ee47745457f76b7cde5aa812ebc0776e3d7c319cef962b54d392cbac905716c6e9c19d5f9ac7efbadb6f3d9f779b11ccdf67ddbb577dc1c0fa1560f7eeb87fa5f7da8f9d035e64d7a74557f21583a107b706f7c55f0f71d5d392cb6d5a0c4f08ea711f36283c7ed7fd7eebf90a362b9c6fb332381bec7aac7f9918eebfbac9e10bb135eaead54f76ed3fac0ea44d38aa71b9f5551de245a1486ba1cc0a796143f34270ddbf4bad7d3c64302b9c27b48612219bc8ba89afc1d62be97f383d87f69f985c8993c238fa659cda9fe94a987257bc59212f4c08260757f3e8eeea47c9d578f6f0eda155ff9fbd7351721d858168f083890929e7ffbf764212bff2441884b05bbb5b7577e766329b2bebd02d0156b2ccfa106fc497ad7dab6c188476882e9a335ff96f29ae67a8aa427622a36780087708f4e73695fedac1fab12bc8445b0322a84acbaabf62e2557b7929af6000f53b2317d1dff0f4091f0bd04998e98036177a0688f0ac08555cd58feda6fadb5b226123c9ea1768c9d7595ecea1d2c64738057d68fb125db487ada6587e6aded55274b3106711205ec3776627d82afc4eae3ade2210f1496ad97285d66fe9653f0baf95aa6957a28b646f18926e328bc7dc92af3841930bf12ea97c973da1c3195520b79c1f813fa0b5d47aaaf365436b945ecfff53d517f0acf8f476442ed2b3a668f051f38640459f2c44930b11ac6a827b5cdfc855475c0522de506b83d0faa0bc5ed915833afd5ec84572372aa2dd57d9373623e1d1461d40bcf248fbfec6e071f88fe4fad5dac50e8e88d4aaffb617dfd815472dad576da5d401c2b96f8a7a5eee923b96dae542b31b11bc985903ae0fe4d2bfdf134dae18d4da96d4fa26bc26764503ce3ec84599dc33a1976b2d4b89bf8a42b31bf11cd677ddb40a5c6fc9552361d38459b4803629b53e77bc6c6d22e36617e4a2b8718fe77d4dd1f11da51f4889e90cc432bcf36f458feb3db9ea983f1d62fa8352bba2d63b76e987c317e913dd439f8bf2a451b9b39e7ca80388504db34e71bd92abf67b44304e44fbf3ac7748ad5776f57145d2f6c945d13455d88d90af5ea3bfc6c374062217b89ec855236113fc69aa7df4b57ef5bbead8e6dee6c94531e535fdb8c1d7e79af62d500710cf49a849e9ba025c0b7279fa0c182b242c63e7fb8c7748ad07bbdcff7cfca6d4d6db5c94a142bb6e34632a0536419942ec23eab5e0f2ed712dbf458d848d8dad7aaf16e1ebb9500928d36f9c5c8407cdac760a0fc35187c6ffc7abf188238234f87ac53569ae1a099bce23547f3b8f3e85afd76fdb2c244cc357e4832f3e7a8584f7c47831221fb81e494f998345c292b0b56fb1958e5b5b2717a189a4d7ce14067c13800bb10cffb1bd28e0ba918b90f348581ab6fe107f7ea6dee939fc5e017051c5d237d9e6fd706323176219fe1b2422f4b8ee195b93f21be0faf148035b6f04d7efcf8d0eae4d4b2e32b8566e533144bf111bb91071c145545cd7944df4f3ed336a606b19674fbc3c73cbe325fd862517e1398b319b317c17d4014429e04af640ed30a60178608b64144e574c12c075d8b0e422836bfd1b025c88ed820109fb392a602b7c3223045c1b965cece052b4b52dea006223e03a7bc5f178dce8a151b3e61678b5105c5ea228045c62e733cc35cdfd9e07800b017065fdf9488d8fedd16b720931003f45e54f16ea6cc6f82269cc3a533e20800b017065fdf98c4f1cdd527480d726e59602ad42045720b8849985536e3b67c127002ec4cec055e9b761be7fc9bcff126fc29ac7b2f4bc15dd3576b7d0dc7a1d29bcec045ce61cd14c600797a5cd26025c88c084089b2a7c7ff5b1fff6c578097b63d7366417e4d6ba3d5ce1e092335818399d31558800b8e281cb444dd8a32b6ec5ab2e03b915c1297c9ace20bd4a88da3a46ad03decf85c53e2e44f9e0fa7172c64a70c53e39e358be6138da84f519a40a175c81e01221b9a2632be0e48c959b342b9c9c81e049d82c8aab8a7eadc931fa33cf1be3670d6cad125ca1e0eaf3832b450a6b7f12d531ce2a245e4689a3df10a109bb11701d0ee79245d7d0de52e0d67b70f97f94212d2e015ea1935be78c7520c605c8c337215c6b827bf91005814ba7b8b2db14dbe91aa7e06113ae750a0f973070e5f60a13256fc57c1f97a5f98d0017223423b2f4b874978430e742edc2815b6770eb03b808480904575eaff098426e11c910e1245243be01b942ad46cc969d662db8d22a2ed55d523dffe5916bd05bf6086ead6e71ad025736af3059de5e08de5f840bb93451b5255ac022ca259777c26602575bd6ca95416f2970ebf3ee63c2c7d987cc661cb21efb94ce296809e0d2ebbd424b645faa052ca2d468bd13300bb8ba54e02a4f7319702baa53b80a5c79bcc28439db12e6cdcd6aafb0a27e079bac0e20ca8cc63b6173f4b8ae8f48930c048569ae07b76a702b33b8b235b95276661bca9662b576ae90acd912d6014499e0f2dec8954371559d4e97b06569aec755c7fa7804a2e283eb407c5d0e7025cdd78632fea0574a2e433cf7cd6de302b8104f09ab49d9ca0a2e9d125c4e7315432e0d6ec5ddc575584c67905fb7316e11eac0ddb95b25b96ae24c61e23a8028115ca6abe5824b7597266d2d286458a91afa5b300a770aaec4abac96325638906721b9b42126734d793f03702116e0f21e27cad1e3b25d9b3461cfa5b4b9ecc02d08ae58438585812b71aa362da5e5f4f0fa16afb0de205254c1e5868b012ec462a5e53d9d914171b9d98cb4d344859885eab17f0bdcfa0e2e5aeba90f9acdb8bfeec26f1426af030492e897c7b8a24e791104979bcd00b810cb84f59dcec8002e379b91165ca608b3f0f1211e6114469ccd0807578679f8e479da36b4c329ba67b3b026ac466fab3043c97fd5601c1eb14c58dfc35e3280cb59db8913b608b3d00e8319105c12c09561ac30799ab6fecdee793598f0e33dde6e3bf2c11b57a6025c88a784f5edca66e871b91657ea842dc02cd48f0d5c105ca9c07520bf8e175ca98dc203b5c9351de33237052aaf679a3e91e866b4002ec432617dcd6d7ec5653a9bdeda3eca975c76300a01aea8e03a1403ae73fad555d358d27980c33ddc76c6310ff2a98e3c99716b75a3c585784e58cf1d1cfce072bb37d227ac78c9a547a3104ee13ec1c520b8fcebc061aeb106ede47b0a54ddd18d42a63a80280d5c9e5e213fb89c43d0305405e192cb0e93f0105c3b051783e0f2af032f05c14ebffef10da6ebe4486fc45307106545db789eaf69aaaa7af3cf8f2f1dde7fc9c729b839040cd6b6f0c1c23bfacf00577c70f541b319ece0320c82eb5a076803f133f964cdd0b9fafe0d466e118fdce8185add88f2c0e57f5c21b745a659c0255c72a9610b17c0b5537071082e570734f58ead0144ddf88b6f524adb306eb96178800bf19ab09735073da7b4c8981c028e056df8727bea70a1c5b54f70f1e4a7ab03c43bb646093585c7ef55217500e042bc246cdb49bc5fb47233852ce03a4b1ecfd0e34821c0151b5c87537ffb8bf82ae69333981c81c6cd1552ad17e5dbbc9edae0d40b288d730ad1e242bc4958bdee1eee34513ba79025618d64c9a5c6d10c802bf2914fa1c17c5621530ff656076afa53ba0cfbdd25ece8efa0d9ea00a23cafd0cafbb96e0b2d1e8740b2e4b293530870c53d64b70c7071b560dba6a15c833c1923afa3c44fbfa30eb8fa1c4e21e277c24a1ccfd0ae25cb94b082c733cc345308707d8f8d828b6b5575af0374b03c35ba961d2ca3959deb317a99a918eb00a234afd0c81bcfb82db4b81c02b95e6135cd14025cbb04175b6e3681d6cb13b9e66c524197192d4275064e21e243c2369d34c9751fcde05a68c9f50af5acc50570459fce0809dea1423e37a00d1acf388c27c5bf915c8b930954155407ba06e0427c4a582d4d72d9db428b0b5c72c73316e0c23eaefd818b6f7b7c7bb35ee892ab7a73b6f6eb9754d8ca58dd4633e01422ca905c77c1d5309607a1924b0f07c3035c52c0c57a1d1767fbb509935c76395638f703cd4a6c4170217e24ac30c9c52bb8048f672c1417bc42096385ac2d2e4e133b4c72996f76e0fd3f866fb6b90b2e800bf129616549ae87e0627408a47a850057cae98c3ef01ac9d326f3b20d925cfa9b1da894ae56d581ae815388284672dd0517e742eb28d42b5c820b5e614caf30ec06e49ed7293c32d701b2e41a9c425bc76fc64170217e256cd84051aa6acd2db8c48e67e8f9383c24d74f7011b4d069163ded656ce0e2bdb9e021b942aee5b229cedea93adb025c88ef096bc41c9f61ee7bb8781d02a113f10057aa26577f0a2317a753c8dc7abdd5818bbba684228a56cc5efcac03064e21e297e452524e2c54b7cdf2cc0b2da1e319f33376412e8f269737814ecb10e91472afa61e7580d03430c9b0351c9e03c185f8b5d49271487c753ba5907da125f33e493d3ff2095dae785e61ff042e5f18713a85ecfef5fdb9a3cc69e914adad918917082ec4efa59690f90c7befc8722fb4647a857770d5905cde5ee1254870f902afe7750a8f79ea807fd320615f5ce5a90388e224576b2598858fc90cf68596ccf18c3bb8a626172457a4b9c240706d783463ac038d943ad04270217c965a12ccc2ea6110f02fb4444aaec72e9923c815773ce3b2025c7c82eb9cad0e649f3036d9ea00a238c9453209121b85fc0b2d91e319f7a9c2b95708b330ca784618b84e9ce0cab192421d401428b91a4bbfa1346e0c138539165a12c733ee67152e2417c8f5392a1a8282c0b5d9d18c591d50b9dbddf5a36100c185f0596ae53609f463a230cb424be2e9193770693bdc810c72c5925c415385a76d8f664c75a0edf2b6b9c686010417c26ba955656d738df99a65a125713ce30eae6a29b9d0e6fa2eb92e1e1fec7393cbe735fdc64733667520ef0ad65cdf1d820b41586a65b5b7cd606c675a68091ccfb883ebb0ec72815cdf25979728922fb8ce99eb40be156ce63a80285072e5b4b7edd0e0cab4d012389ef10017241769b0d01f43940e57bfd90b4d500710c54bae36db80867aecdcc897aff2c6331ee0729f0d9a5c918fcfa09e0ecf6a1466f4ad9b61502b13b9eab10e407021fc13f6d2e52197807c95379e3180cbcccd42d0e997e4f22417e93e2e56a330672a665ec1d663a31b820b412497de67beca1bcf18c0e5ccc233b8e52db9bc9591ff6f64155c59c57fd615ac06b710614bad2c2345336e653408c48d678ce03a8c9bb980a6a8e492c9adacedd63623b92a11750051a4e46a343bb964704bde78c604aea1cd053045340bfd83d728ccbc82ca47ae2bb77403c185082457c5ec16ceb895375fa58d67ccc065ac2317060ab3908b995bb93deb2613b934b88558b3d4729a8b3163c5704bdc78c60c5c8e5c0adcf2360b6372e6c46b14e64fc33ce4aac78dc7300a1161e4328c19ab66dcca9dafc2c633e6e072070a28502903b9b8b9953f0bdb19b9d8a6e2afdc32e01662d5528b2f638d246e491bcf5880cb75002ca8e47d80462c729d988d4209add60ce49ad70118858860725996535f5ceba69593afc2c63396e072fffa42ae33fa5e69c9c5ce2d11aba7f1916cf9ea00b8858894b1c9870baf2242b592f255d678c613b88e7f2fe43ae30ca8b4e4e2e7968ced84531d500c43c695acf52ba2bc98d2a751c9870bebd918918c7c9525b95ec0f5e7eee79a17681c5ff86db47035707a7e6e09b1ab677520fda8d6f51dd4f47e6870215667ac4a28405c7bab9296afa2c6335ec1f56717231a3879f787e65a375391835b5232705607aaf47540835b887819eb1a5dc94497ebd85cc4e5aba8f18c37e072e4b2afdc02ba9ee3b89e5c3dfb3ca124cdbfac03e9cc176d25d60144d1e47276619ac5d6d3324b4cbe8af20adf81eb4f8d76e1f97804ba3e60ebd0b6fd3a74f5a71cdc12b4729ad58156a7ac03aa05b71091c965ba24a2eb496e09ca5749e3196fc1756b74a937dc02ba863087f6d21ed6912b13b7249df43caf038944d7556e4dbbb7c02d44bc8c7553452af25851e59e825666be4a925c1fc0e54497addf70cba16bf7ec3a9b2bb3ae7f3b789d42e9d39f72b4b70ec2aceac523ead69ab1ebc093dc02b710f132f6b6d88ae91338776021b764e5aba025ef2770fdd5ce2e3c7e88f3ce3dc2bbdcbaffdd07a1ab3fe5915b076967b7ecb90e208a27971b2fecea48296b5cd1ad1ab9f92a68cdfb115cf74e97fe88aef35ec5d600acc33f7b67a3a4b80a446101c5c8428defffb41b2089c49f98c4000d9c73f7d654ed38ee18dbfefa341d18bf5cfe6d86d0743672e37eff350ff0a3f3803c835b50c488bd1c852e1faef32727f6ca09ad322c80eb6a6cfd6b3ad8aee0666c07abc16eddc7ffffb6a1ebef5f3ebb45ef7c82e04ee4434bd8777900dc828e8fd843d0a5d86bb8d28b573a966b095c9d5bd8665d07764d1396eae258759ab9aecb83455f61b4fe916d18ae0f79e0d735ef77d8c27e19509488fd3d64f93b6c118c573ad963195cbe0e104be86a845d66749eea129a2e0f2f7b9fd00348fffe3e21e92f7c50f33513f2005449bb700859bdcf7671a1eddad6cb53527cdd647a855fc035e480257435c02e13f64b03bbe5e87577b6f43eddd435c2ebef8959f36f23f216f3c0d9e7815dec522e0fc822f200540bb9ce6757e46bb9915ddca68f3e7fbc3c1dcd782553f77e0597bfb3402fa2abea9ee1cb22dfac51e8af8eba38cdd8f4597ff9b045b253f83e0fdc7d1ed8c82ee5f380ba9cc12d28659bc086ac0bbef5f596f25e4bcbd7e8a7da1e20339eb1025c1e5db72fe8aad27899b7a329a7cb3097e1ddd688ad95ecfacbfa7ed31bcdf89c072e631e501bf3c0bd983c005565ba4676ddd8d7a055d205ebfb68255c665d8958ae55e05a89aeca8cd7e779cad171bd60cbb3eb8fa4d7226db8bee4012dbe75607a68b112f3005497e9b2c1e656571cbd247f63be38976c7c84babc7d0ac22f994a065909ae015d0bc3f175192fb3f842ddbd5c77b70cf382ad07bd16d7bc5a6f516fc8036afc94b34f79408c8fe0c5e501a83ad3e50a2edfb276d2cc4a08f7e536fdad549f7e98769945a457b81a5cc39806935d5739bccc773a2b5f55d9918c8f42d41d97072e411eb8f93c20dd171de4817b917900aa135d7ddc5d54efad6e2feaebaffbe79f221fae1d8dda7703b84e9d71ebe5a2eb56c1cb94c82cb3eac5f9b9b5256cd1045747da702de781f3e5fe290ff4b6b7d83c0055d92f9c01cc8a0fd9e2dba3c9bf5c22e3199bc035a6ec55b6ab34ebb592595de7b2a7e6972fa269b8542d7940559207a0fad1b55a9712ca2c1acb0d5bc135e4ed9b589be64bf05e66c38b11c362caa54070511ecd68360f4035f70bb7c56b112f964616d90e2e9bbcf5fa96216d7a990dcc1afda6bbc7b0487019f29dc206f3005405ba2eed442b89becd1e70590ef9d9e34deca285af8dc89aa835dc5d5822b814f1d18c43d905b7051514b225452b89fa7727b8a696e16676797c99bcc4329b7f677fb7e063ffbc12c1d51562b81acb0350ebb6abb0228b4401bc1f5c5336dfc3ae1c0033db4d56d81abd31398bd1f2c055c268468379006a9a5d05462b05cbf513b82cbb06df65badd32ae8318096166a7c37aa5967a0ad0e2c055c868467b79006a965d65062b854cf22bb8a69ee1fa19f96f0cfb1962c69b2bf3fbaf33be34fe263a8b039729aa53b8ab67086a41c5c0abe06025d0bb39005c8e5de39672dd813203c83ccb3efe37a83b0255e16b1a1ba1fc7d649606ae9246331acb0350a5f4ba7cbc15b1ec574660b5fc1870b9969a772707c32b8f0668bd3408bf82ebfc0e5c4fd7b8dd60431e805a0498db947b3808a90a1128820f035798ef8b86d7035a7c398b7e0016557095369ad1501e80a0b2947fd9e15070cde0c584298d59bd6b5c03adadad4212e02a71340382208aca9f4d0e079787d7e3449a728c16bbad845691e032a5770a2108a2a2ecfd9b28e09ab9174b2fd2decb4cccd26cf549f1a581abe4d10c0882a859aecc75703470d9e316ed793423bd48760e7b6405ccda52432cad6e51045707c30541502d857044700d3f1ed08b10becc84accdcc2ad27155339a0141507ee55e7a88eab8023dce5777731bf9f82585789c9bcbc4eade60d9e0c268060441f56494f88e2bf497165f8fd3d6ed01ec2611c18c5dc90aff6db1c366950b2e8c664010544f0f2795e39ab9af19bf5c03b1b7605108264dffd42c38f0dd118bff7eddca0217463320083ad67265ad85933aae17ff2559083067c23cc4f663acb7561e562fcf2c7ff3586bc17526082e8c6640105491e5cae1b85e00d6134c3c8166e298239993ec91f4f4478edf730f7cfb04a2e7153ffe0a17e5b860b820083a5679971f323aae37e2966152bc85d04a39d3262dad78ccebb6bc4f21317061340382a09ab20a01c7b5c8318f3227f646e3f7fc23135eb7a21c17463320083a58597b85b41c57392a095ce81442105495e522edb8002e182e0882a85a2e38ae92c175260e2e182e0882aaaa88e1b87e02d7b900c785d10c0882eaca2c705cbf3b2ee2e042a71082a028a9259b3b81e3aa1d5c0a860b82a0ba2c171c57ede082e18220288af22d9fc371d50e2e8c6640105459550cc77530b8cec4c085d10c0882e228df2da2705c953b2e9c200941506d960b8eeb28709d49820b860b82a0eaf20b1c57dd8e0ba31910044553ae5e211c57dde0c268060441d555c6705c55830b9d420882e229d778061c57d5e0c26806044151534c96440fc75533b860b82008aa30c7c071fd0cae335d7061340382a0c8960b8e0b8eab86988220a821cb95a33a86e3aa185c305c1004c5559ef10c38ae8ac135abaf9d000020004944415485d10c08826aac8fe1b88e06d7990cb8309a0141509579068eeb30709da9392e740a21088aae1c9d1d38aea31d171970298c6640105465850cc7552db83a182e0882aa2c91e1b87e01d79932b8309a0141509d960b8eab56c785d10c08822acd352ea90a38ae98e01259c085d10c088292287d77c7818bc171fd04aef332b8580e7061340382767f7ab89482317d9bc4181392735c9a0f962b7595cce3810b8e2b0417af3e944a11ef93529f861e3949db9c2439560421cfac20365ea41922854299ecc07583e38a09ae5b0e706134e37d4ed20b490939a9f50099e283b1be94090d16f7f5ce442f04ca4ce91726dc1ba1e0b8e2814bcd6b8354860ba3196b7392424e827a3409bdc2524dc58f16e81be6cc377ab60003c7753cb8dc32a2aebe02424e824a8e902d558bf2dd44c4c943c93b3c62b6c805c7f52bb8ce2fe062f3c1cd34fe02a319cfd45a9f93dcc391935a72e3f62dd7926f0f2b0d7f3e922371be9ffb0138aee31d97ce305488d18c794eda86212e91931a2a6cd8de375b3976319438394a65351b1d80e33a1c5c7cbe8a58a971a79c93c49e9c249193da0891dfde671f6108930c8b133aec64c171ed07d787dde14586252e8c662027412b64cb931f9db5b35d0893f4394786436f705c873bae1c9d428c66786ced325b4fb64bcb135471881cf0f64aa0eb94becbe37b85128e6b0fb8ce5fc12533740a319a819c04ad0a9183de5a1b26adf79593afabb3a09705c775b4e3d2f3ad49ea0c217239891de79438d055a3143bd64c3b74c17225fd9407e319705c07838b67d836a375c315252761d8a52ad9f7f4d81eb012adb795f38c676838aedde05ad86457633423474e12877246492c755557da1c5f8a70d6768193693c43c2711defb8e40da3191972128ff2ac305db59436b1ea90c60b9c3ce3191a8eeb7870698c66a4b75bb2a82786aab05bc173c372259218361f85e33a1a5cc3c6ad69f77b6ad970c5ce49305dc58bc7ad40ace96a364ad296cc83e1722304705c47828bbbcb9ada72b56bb854fc9c84f1c2d22d79ecf283ebf467185151da9ad91b2e236cb3108eeb47709d4370e99b30c92d57bba3193c3658ace942bbb06889041f46967c4f6d2a4a9a7bbce1625da76f0c8eeb48c7c56ebaeb586acbd56ca75024585e10cddfac53b6d22c54ca66a3c4241ccff0836f3d677a7320e1b88e03577f614d7f1912cf15aa560d17434e82be7c3674a25e2fd78d2e87a6b45c7a305c5dd79793128eeb2870f1db4dd8abc0d2dec9d5a8e1522c5d4ed218d128965baaba7f8a96d22db00f5b153a70f50c83e3da0baea7bb90ef7de83a7025deacb0cdd10ce42468c51bc76a0c48524a5737fb83241d6984603372c1717d07d7c75d76fb4f8970e0ea926e0fdfe66846d23461cd1dc8056e7d519b5192ee265236750a7b709dfa0400c7b5cf71cdc5fa4fc9002e96729bdd264f904c9d93e0b91023a86f325b2e3f0b3f826b462e38aedde06276556b0097090f3c83e1aa20279de0b91023a86f3e64a034964b8d338503b8fa2cabe1b87e05974f6c03b8ba848b5cd706473332e424740b1123ebea1b58ae48e28f25aeee2ad4495d1fe482e3da09ae3e60eff69c83015c3ad9c9264d1aae1c3909e42a4b796e62c883cb362c977c2c71f58eabb3c09cc805c7b50b5c769ef06ec3565cbbc7225792e98c160d97ce53d6ea16abe952fd562eebd324b94c92ea390497b1e0ea8169cf3382e3da0bae9e5bec6e377cea84490c2ed3a0e1ca667d34ee44468c7c255783bb3fa92403620e5c6204977155fb482e38ae1de0b24596dfa9508ce01289c0a51a1c2914a90f8d69bb9a2e5232e3aeb7bcc11d7793340b43c7d5097b70acf1e462705c7bc0d507eac0ad69362399e36ab051c8f3e624ecb85b468c647c9f64b6ca2a9f52747e66e0ba0ebdc2eb95d9852e38aecde0ea2fa71cb6869f3a85a9c0d560a350e5ce4938e5847e8ce8bcddba06470b5582127a062e6307e24f6e3043f4e432705cdbc075ef9daa1acf34993a8589b6cee81a6c1466eed6098c16d217cbddd16db0a59c805cc18e4f61afb0d76bb285e35a06973d0fea3e726b1a864f04aeaec14661f6629661998bba64f6e2a2c59672fc6c24831b9087f18cf16813fd7cf3031cd722b8d8d026f4e03293e14a72b0498bdccadfaa531acb5cc46b7f02d4900d1af3e8f9680e2e7f2bd7b87386783a51168e6b015cb64dc81f8748760fc395025caa416e51a0468b4bef859972865fa24672c9c7a926d32ad7749aa46133d305c7f5195cf680c1fb835bc10ad770ae892c394a909390930a35e514cc8e6a71fed4c4cd493eab8ac072195bbe0fb2df7e982e38ae4fe052a1ddb2e03281e112d1c1d524b768981d340b499b7222c4902d6eb312372b7970e96ed62c9cc0a5ec6e29d329d4705c1fc0c542bbf5dc28f4b319313f404d72eba4a9e424340b61cabf07ab68efeaf779c9c4fcdc3dce35199a85ead12b1c1e21e1b83e83cbee53cc438ed989c2e082de2283cb34c92d41a58845b390acf8cea24249c998afe819935c1df29b3478cb9fbac6bb45c7dfc735ddc9e5ee421641aff0e4b6a8f4fd4238ae37e0b25d42366f1c9e4468b8fa8b1b135c318383764e229209146e43aec9942be991154a8b9fdfe146cb1b13cd743970c960aed02d733d9d25c96d72e6705cafe0ba5ba8ab276e850b5c76a650460497b9b6789209a94420b14f3c4ded7863f82bb54676fd96ce5a2d6fba6ba47e904faa33cbd5934b84bd42f7308b2e03c7350797c3167f1e309cf92d6bb8e2812b5a58d4da048a62b9309f5189e1e2fab620f613799a2d6f4c9c1ce5932a9f592e13906b4a0f22d81a0a8eeb348cc04fb71c3f34f75bbde1e2b1c0d55d1bb55b64263360b92a325ccbd872c3d7eaa7906db4a3ac4c8c3c3524d5b9e5facfde992eb98e2a41d8808d24428ae8f77fda16a0056d168b40602533f7c7dc38eef6b1caf9915545d15513b966560a6774fd36b8f6b1b5e6961c5416055cba83e6a10d6d342f54c072e5b9b971220569ce571bf09c1fbcbda915baaee5c120aac23884bcf45ca65cc8676b9f30fc655115f273335be00fb8a59aa523802b4628c070fd0847b1dc41716eb7867c212c97ff36bbbb9009a3a82efa337a559cc8552fe4d2095dbfbbe12707d892f5add7d270f1d7c5e0124251abaa9f7b7c2836280475d62458aea20d176f6c97ff240efeec7313f5d0f2d7497c08b7f5055c66b250fd86915cdd829b1a5d2d7fb2e352d8e27bd892839e5e9fd73251f8055c8e8f4f3e9af1e9d7cfd6a4789c10bc75ef8086e52a7b73c3d6be8a537d7a4b504ed65eccdb373dfedc84a8e77e75a7f50d5cf2be35835b33ba16d41cef456cd9531d97d235b67ffbb1e2d6df4caee1bea64370f93dc5ae164fd7a426dacf362a1dc4fe63162dce7265b688c3e686acba07c5ee5e26985c0c47d5b5fb911b70a7f50d5ceada187d02b95a90ab5e836b98be779a31fc4179a54c5768f7ec962c6fd1de757d26cf355ebb71082ec7c7f7f3ad9ad63a136b7e8ef055280e4dca4c1e1dce4b90f3cec165098cc67f4f58a7dfb84954999efc64eced35b9d6b4549adc5a640c7fedbba04b5b326a77b02564794b72abb75c9a5c5d33082c4f72033234e96a6e3928143429b3e5e06ecc3ce1b1cb5ea0cb935c042a10035cf242d9ae5ea6a524ba762c573d14bbbedaaedffa262bb3d50c958f5dbb25cb5b7fda71497275530b12c07571c846723762db59e6b06b677832192dfbdc2db7ed76273e71b1d4109442a3804b3e9a7541854941deb15c2a63d87eaf76fdd0267f7098c37feeda2d21bdd64be70a659d6b6e9d05b86ed224e71fecdffd0c4dca6b9b69fd38a87d51d3305d7e0f1ba5d048e0123be492e8127b966bb65d07ecfa19c7c5c96a58d9673b9cb0d34e6b4c15ca0b91c90be0ba5593bcbe0bbec94268524ecb3e29d73a6c52441b789e8bc1974701977a8c6ccf74897d70c96a974e19f25f755c7aece6624ed9364b38daade91f935b00d7a52be2979f06582eb467e4b4ac937973fecf26aa0c7251bf00832f8f03ae7a875c5d67a04b6cf9d4e96ed10dbb7ec0710dd45a4167dd03cfe860b7fe749650dd75425e00579415d3da6cc9652d3422628f3e562c4050c71dca4cae36bbe07d36b8aa0db9ba6104547d60b9e672d73a6758f62723462fb906f00eb626bba5ffa5f28a2e80eb5e4dba885c029a54a22be7b60fcdd159cf01c2a3be312c577055f2aa8e15b734b934bac4512bc6c8aeee171c171d5de4ce5f62d993d18de9c1195e5c4ddf05b822052c8bfe7df02a7271d42f3272e576e243dd0739f120cb855c613c702dc9d599b774c984a138ee7fef86cb43092bda718961ca0bd9bfb37be1b6bad16419f4ea3f04794717c0154993ae3736e63034ea7f940b9a549a2b6f3dec1309b25c38ef170f5c953cb1345d6bb21c19dfa3ebfba1e341f45b59f12a32e6d9d9a8ba25b6c6b2d6442fd10e5722035c517615114a49a26d8fc9752f52b162ba72ead32328822c17ce20470457250b5d64cdadc9759d8d7aea18198ef315f645a6a363e45f7645faeae36e725b469e50328ccbf2d607e08a17af9737efc982fb21b99c26b5e219e7b188e51682789d27e6218d85683e8d0a2e952e641b6e4db6eb74be6ea78d4b43182dc21a0bca46689d84a32c6de95e95d1698db5adbf97ec269c2e9704b8e268d2e53772b6eb2287492e87ba15852665b22c49243c1eb2b6d6fe67b950e48a0b2e952edc9fe75459d92e99351c0c4c4bf2b65ed3cd0536eff3f3923942d549a8476418694269b7da69fe2ec015635d9e8f1b1b9c0fc8e5f0dbd0109fcb17da120edc7380130f19fc8422575c70a97461bb83a74e1f49b6b15df59c7debad578ef4a29c91c61a5aea421955e7fb98878d3f4399cbb45b005724677c351c8c83397be472da54a3c8958ba6d93d36e2e99c4448ae9020482283ab92d93eb2355cd3388d73db353ce7990e19d18b9aefcab279b663f36963e5b63e46770631ed16c0156b337d6d3ace9cabbb432eb7eb6e5178cf45d3ec9e83377f4840ae9023486283ab92174a356c6bb866749db0cb5482e926d196f07bf145b9f95e6cdf8a2a6cb14a8cc331a65642fd8f3cf74597130c01aefb34c9835bcbd40ff590349ce4ca63599a1aeade386a7ea13dfb0a51094d002e35757779ebd67a8ae17776ad756272393d327af79538db2ba4cb9a2aab2eee4f534b6547e7535bc6b00c39379aac47ef025cb769921fb7369e8b42934a5c9628e2debe490414b970dc2f05b8f4287fa3d4b5373bbef7219dc3c5263d3ec8d487aaf8151b60829ac46a08714366dd99353d31e609a7d9841fdd4ffd01b8e2aff6cad2f6f6fead25b99c1989ee8c1c962d1a98ff41e236a0c885204902aefe4fb4737f6157ed2c76dcab21beb91f4e8cfb6d884c205e4b30c9ab9e91e62fe1ae2e4f2ca9a5fe4e9fcfc26e29574ab7574b025cf76da63db9b52497f0d033748cddbfa8636f86077d48c0f00cb4f024029789aeea60b1a3a4e1395c966c5108635c42cc87623dabfa1fd8dbabf58fe43e794951ef32599889c2236c015c7134e9ba3ccb1eb79ab06665748ce5216976a5c600dbc403c0852049062e8dae961f72ebd878d9cac0e08ec866074ce49224d38bce4b4cff27537f68a34324c4c58d566b2f0b3a2709e921b600ae3b37d3fedc726c245c279ff094739034b7a6425fd5f4fc52a3ad3021b80674b1aab26097a9f51e36479ba63d129daf56c1cad3ae6da075d877a21dd79faaff1d600be0ba5393fcb915442e68520ecbd6d204808ba21fbe147069740d130ccfe135697ea8be08e5ae2673458cb5b2611709da19b446cfa5517e882d802b6b70892fbb227f72a1ad10e04290e406ae115dcc965d4afb0baa568b7aa8691d77494e465296b6763a0901ae3c3429845b01752e6812c08520c90f5cf2d212958fab2cd648af5a14c02e31192dab298c6a8230f98a2d802b63709d70cbfb9740937258b62802b89e032e39f6bdb1b35d0beb9531bd0c665536d01ae0cd3f670be0ca155cb1b88531bb4f01574873064e20df022ea9dcadb5ed9257281b89c3bcf0259165be3b9ba5af6b21f4f501b86e58971c948ac62d1c2e2d0a5c37b5c32348ee0257bf4863cb2ec9836ee6431ef85a20abb264d698226cd5485e802b674dba895bd0a49282e48203c814415216b87a1859b2cb7845d75577f36b412cf92eac9935504b9a2db500ae42c115935bd0a4928284fb5d23a97f05c05528b8a4925bb06b0306d37de9f3ca343ec17a5ed5b5f97b2b27646da80570150baea8dc822695082ef7929308288f7d7b7f15d6feba165c939e7f61d761ada8e757b52058a7baccaf1ca12a04ade91294157325d654d76ac8e2d6ae4bc08588b40fd46bc010975b005749e0f29ff1ce039a0a01ae1cc03536d9c929ef56866bcbaf6ec1af2181d751e5c4dc3826ff7c4df50f5dfd48052c6762e9bfdee0b5566f05e02a115c91b905701565cb5bdf168bd63fc98820b93f55b862d79ef1b277351a611b88192c3b5e072faa5446d08f5783d5d250663b7a76c8ab375285d9a60a63730b9a54549010cf5c210d8b1704492ee09ad369ab035e7ecc187024317604b223500da80a80d5aa82d71c5d918c1a5779e08ace2d68525141e20b201654e24290e4042e43ea0d78d557adef8eabbe7875437eb025c7b37a01aee2c0159f5bd0a4b282a4f1aa554db531bf4c210e20e706ae39b9d6b46a90fce54449b0baf1aae4652fc639b8de0057fc1572003901b700ae3cc0651b24ccebd993b088a19082fcc065c2ab69192f8b597cf28cfc3426e1b8ee8956ff714c09b885914f6505c9942b74f1405e2f02b8f207d7c2b7b484754519add6025a005779e04ac12d6852694132992787e7d606860c822463706903c347eb4532f65ed267b593d1b2ce44015c45812b09b7a049a50509750f001268b8fab727f08c720697ba44524ce9b786e466bebade664d6f8e71b7703aae6d015cf1962f19d2700b97dbe6b0fe84c35320aeb787f2e09801b87207d7f47c04e5a3a991f8e25d0e2e6b3ac4e1e2b3e0b8cad1a4f4dc822665b2bbb16ff7138d9b819a2d9af7a55aa4f9c333cade7119214267f3d5d3e21e7e29624d2ad6bf07eaab3400d72de4f2d28b54dc7a31802b83f5710992d941118b6747c36fc97eb5cd07cfa80cc7b5c4d7ecbe54f5ab0758173f29c8195bfc5aee8f2c80eb4e4df2a82c24e356bf998626951624a4b1cf16ce940bf83a37cd1bcfa820c7b5e51731c4435ab0ab11a671b5f835249c5827e07a035c11d7dba3df3c1db7b0992e3048ccf0a067863a3c5128cf1f035ce539aeb5f556005b2a4bcf3022273871d7a118f2055cbe92ecfcc81e58f4cacf0d8eeb164d723f819c905bd84ce71124c4e9a1d2c68e47d40ca4d67bf74b1b8e2029d671ed104c218cec8b4b0f1e8933fd3f3d9870facffedff6e8450a5734cae70670dda249cefdf029b9451b024dca2248b8db633344e3e89562254ddee4e28d409014efb8764344414c61ec0864fb4bbd40beb2ff01d18be418f9748b26b9b615a6e496ec868726651024ae2d3cbc39439760dbd0f19418d2fc21487ec7719dfab179713ec0695ce28e562e38ae3bd6c7519392720b9a94499038b7f0f0d50e78191682efee9f3d3d57d37c10243fe9b84af976005c376ca63fde85f7f8dc92bd19d0a40c82e4ed6c87e8b6cea0f7c68b1ee82bc825d3c9e8e0798ae302b8b0f4a7fe6e1d6893985ba269a049590489fb6430dada1624da3072c9743282048e2b0370bd01aea49a64ff41a6e596ea178326e51024c2e3aa2ccb723a37dd9907b9643a194102c705c7f5304d722972a5e5969c9b014dca2248bccea9730bd3a5a66b04914b96b81024705c00d7b39653912b2db754890b9a944390bcfd2e1c656759423a5a6befde4259e2421d148e0be07a9c26399c2e4dcb2d3912019a944790788ee917cc025b419e8b35144102c79525b8de00574c4d7298fd9d945baaec0e4dca2348fefc6fcb3aa8752d5be4bdc9d5367f0812382e382e689217b8624c53812665f3ddf46888376cd7a603be659b78f1241795ae1ce964382e80eb799a64df109f945bb2191e9a944b90045ee9a98780cba1a99cd363dd74261793ae1c4102c79511b830f2299926d9e60a53724b670aa1499904897faed0de3c79904bf6efc095c371c1713d6ebd1d7a9d53724b670a01ae4c82c4e9a07a30b96cf392aaa710e082e302b89ea849d67d8529b9a5aa17d0a46c8284075c9915cd739146607303c79505b8de0057ea3490b0d5a484dcea3589035c1905c927a03dc3493b1dc8a5caa000171c171cd72335c9ba652c21b7849c88004dca284878826f9ca3e762d8dcc8af8abe9dde69c171e5052ec7c7f7f31faa751ac8ae3d231db7746b06c0955190c46fcf702697dadc3c195ca2ee2aaf05c79517b8fc9e62f7687abddfd6639fd2714bb76620539893e522d1db331cc9c5556bc6633737628096da800bb705c79517b81c1f9fb2d823bc9ead495669a074dca2cfd6a42c832489e532eb5c6731a93737cf0c12515fbde586e3ba125cef1435aec1703fd477396852326e3d5a9372f5e5093ae2179eeb2c7dad0dd7235db912ac8bf7da705c373aaebc42a1204d2279f5bae85e78640af3dade8824966b24d769d9f5b19b1b9523bc5caae0b8ae00d7fb86ae42852ef14c4d4a930672305c02862bbb20e92d5792ed0dfd67ef4c986bb561287c6d832f78cc0cffffd7062f80d9ee16bc808edae9bcb669f24a94f3e948c2fe885bde70d14b9228d882e3baa8e39abe591d4d4d2aca724967b800aec27c79aaf2467ec02dd55ac345ce953771b005c7756570454c8bf235a92da72ed2343509e5cde4b9de7f19f7823ab9e2a68b565ac3715d195c3133a36c4d4a70a4cfe73f420c86abc82429a7bce1ee1d2e62c58d1a20a2a2fdd4c1715d195c5193a360cb55b74976c63ef906b4305c85264939e58d76868b569234318b6a38ae7f81ab2ae0c8a78e5abbd06b5221fb198ca2265dc472d5851cb5e6a7a0e4b8d5c47ca4705c273bae2af5598534c9a54bd124d70442a7b0c424515f5d501cdb949302576455b2a2cae0b84e04d7c671b1d887ec36c4c8559533c0506e151e86ab4ccb55b1129a85a329a754dcc4d6a488e0c28c2b15b8cca0ab23a749b20c4d62150c57b9e54d09cd42d9ea9a5a7113bd0b64df9ed3705c2780ab3a02978e7bde1041cfe5344997a0496d0dc355727993bf59c8c74621a1e226be1e297b5e091c574cc7f5cdeddefff05c0d354deab36f164e8d4218ae52cb9bfcc67cdc282454dca4a8a397c78fc2719d0f2ebeac0de0b94ed4a4bc9b858ad1d3a4cb9537833117397f17633399507193a48a5e0e60e0b8ce07d76a8c18915c8a9826e51ebd4fc30b18ae82cb9b3eeb986b6a26132a6eba1413f7a5acc271fd00aeea35b8e2ef66244c97b234a9cead493d0c57f9e58dcad852e60473a4d9bdb238c2930d1a59705ce73bae36fe6e860b82cdc23eaf26a90a86abfc24312de54c55f4c04c49b05198e4692f74158eeb7470a51971a5cc9892aa6999ed6d2e350ddd61b84a2717cb340c259923a93a3f2cec15c2719d0e2e9666c4953265504ddb828f815b17296f2a9d6718aaa71ca163b8d2340a2747a0e0b8e2804b25eb143e68350bebacd5b462fef839340aaf50ded459c8a5a71c2165b81269900a6f9e86e3fa1fb8aa0db844b24ea1fdf6d1b35c79aa69362e14c270815cc7b50dbd1c4966b896d20ac775b6e3d21f5dec0dcb054d42c434e6e9b324c81142a6bc4ba740ae5728e1b862804ba6383683a8e58226213e37e689b344d1cc1195ce70f9f50137e286e3fa0e5cefeee3523add6a86b75c846e95acf36b120c17c8b59b239a668e74295b3e7c9e72c171fdeab8aa5d708994ab19e42c57a84909770bc1ad4b963729b3842ab71e290d970797955738ae5fc1b5ebb882277b47ab4e925c0b4d42a3f06ae44af2b3c80773473247d2d6cddac9ab86e33a1b5cc193bda5572f4793cc567c2a4d02b72e9c2529ce0893f33b7ec472a44b39a9f09d427bbb111cd799e092ad16e92d57074d822621f68cb93d6925fa8a2f9bce79a2d628cc61b89acee82b1cd789e01a2a82ae69136f67d0da880f35892778ce82ac26dd254bd49025514beac1928fe7ea92cb911cab194d235a0dc77526b8b47baa58cf48a4497d1bb95da8d874ae2eb875d52ca975546b6e2c794d3547920ed89db21ad2e896c1719d072ed66af314daa46f20a7ce9eb23489c5d6245d835b97cf1219cf74a9659b90588e64e8140a23b103c2181cd73fc135adc58bf9a9623d23912655b13529e016065cd7fa81ad16ed421da5c031a54d4f965b695f22759dc2ce4aecf0a329e0b8be05d7fe4bc8a6976ec1d561233ea126f5b11a41522fda84f05b57ae6f8c353fbfc0e1abd2865a6d93d6703943604123845c900b8eeb07c735734b0a0bae46a7ee1592b35c0b4d32a6ebf432c1d8ad7074016e5d3b4b2a757a81a3c4ca6e91cb91b4ba33770a0770198c0938aeff83ab37a8f2e04ade2ba4b69eb1d22463bac4b955936901a90adcba51969802e7cc7ea171e4e1748b608ea4edf4cc9d42032ef30e021cd7bfc1d5db97e23cb8ba94179b64c8a0e234a98aa149755561be75f51fda4596987ee1595ba82645584d9b5b4d52c3c5a79d42032ef5688239171cd78fe072dc521e5c4dea2117c15ee18a5c56934e42178726dd344baafea434b1d8ea2be23992f67c6f3e8fb89aa769b03c6772c171fd062e33dfaa0370e9d4e052042d173409f1b5e9aa4c55a2e5bf944a899d142168c9130f28ec7d51cc096c271a53ad4fe482e3fa095c9e5b8f46b80e6cc3e6fbce60b992699245d7ff665dca606b39dc429bf05e5962d3e41fdb3cdcfee72b6c91cc91c49ab30457674f2b64fe7d2e38ae5fc0250db74ce676f9c045703d039a84f8294baade68e04fb6cb9aadd5f893aa254fdde591f352a1dbce783c2772c171fd002ec72d236f627aacc9c145eb3ec939d60a525b4dfac57659b3d5cabe02b76e9f25ae6338b0ebab1a875b6a31bec116cd567293b8c9133a2ebb9d618f2b34af24c071fd022e739a9de3d634e2cae0b892a751b1e574657d9316df6992a596862691c91267bb5acd3e335e4aba5be3b7850dd9d22675a9bc00971d72a9a723572be0b8be0557af5bddfb3b4da611570e70915ccf38d424bb1df3b926d90f8726d1325d539e0cf0e22f3245719f206c2f43c89636c9871332d82a1cc0e57b8543e8ed690f705c6fc0652ed6982ee31213b8747a70d15ccf78a149ec1b4dd2d02482058ea94c3cbc869f632625e7814f1ffe464ac6fccdb0b23ff804549f6772bd5980ab11c6653513b956c779c171bd061773e3add1708d9dc22ce0a2b99e014d42fca7c07189c2657b1c5af28304a15cdaa4eff0c8e005646fb9947fff58ac5f2c87e37a052ed32654f58ee1722f20270617d5f58c17e8729aa45f8812347f9b7dea000020004944415409e8f29952f74a4ac9e6dc30d58e3a4e0fe229927ea6be04d760133a63fb7cb0e59db2705c2fc065ce76ed676e75b3e1ca032ebabdc217e4f2f8527cad4972d0a41a9a8434f93d483bf2f465b26cc37d7863b9d47c0d722317a60b8eeb105ce660571e5c7eac02c325b2808bec7a063409913e4d68a74886c18403176b66727553af70903e155e5c03c775042e16d82d0bae6ee6965b2a4c0e2eda960b9a84489826d4532483d6f83964b368164ebd42e56e7490705cafc0c51776cb716b6e14366d1e70115ecf802621d2a5494d3e45727477dc56612b03cb3568ee082e237d6a3afd1f8e6b0f5cbd5edaad218f9ba051d8c856670117e9f58c31802d445c762143f21c77e05e409e17e2dd986bee159ae07e331e8e6b075c06eb6a75ca6ec8ad46b72c0fb81ae2bd426812e28b9f6798ad4b95c8165c52b7dd825cddf22e49653e4a2838ae0db8643bbdbb75c0adaed5320fb888af6740931051f304193255c81986124e5465b09e61eee51261afd08aa0bd23028e6b092e77c7e02a1e221c7035cc3cdd2ce022bf9e014d4244f2e74890dc3ae345359c7299050d11ac67b8b087950a38ae195c7c33dcb2313cbbe019c8563f72810beb193fc10b9a844401b44aefec785195e1942bf45c017decd9ff028ecb65b7bd3b55d56ffc56a3edc3cd032eac67409310bf775436c951233f76ebe31c16651455bd40d273f65c8b0ffe0e5d37fe66c97d6c6db8c506c3950f5c58cf38d4a4a52ad515340981b850793c8a2a6f83fd0c7b52a1d858ae876a2cba1871c7a5cc59187bd8aab9103c5cbeecda96670417d633100844e4ea38cb4062125539bf85ec8ed8f5a6ab5b80ab69ec216faca3ebb8dc8dee7bd8aacd3b70e635aee0dd63f9c8082eac672010883b6acc24aa6a7a996bdc85f7e40a8d93fbf7f64e5949d27129872dbe872dd3261c78f6a86b35bfc2f5c80a2eac67201088988a98a9ab338baad2ae0738bdc3e5c9d5ac2cd788aef7c3aefb7d93dc904feddec6a586c7f518b0d5d7e3abda4329a0f2820beb190804e27e862b14556e5934736b44d7636db9ecc6bc1d76494a8e8b3ba7697eb9df26e4965ac67259cf25ec802b2fb860b9100844ccd238cfd70d457520975c70cb91abd903971f76bd9c76ddca6c39523b12eddb2ddb267cd8bff40ff30697e7564e703db09e8140206e57192f4475f008e2f9dca02bb04e8b639f3a2be687076adcc771b916a196e3ffd1e6f263734a9645966b15fac3a0c4233fb8b09e814020e215c699f46529aa729f5c9ddab35cb3ed3ad8d4b8c9f786bb89de7ca1e69a5bcd68b75ca3d0fec1676e6505177a8508042256499fada3b312557323e273075dcdaee572d32ed73294f7745c8e5a8c87ff6cdb25e48f095be6cf3ef45b79c185f50c04021129f2357456a2daec90cb1c173fa36bc759b99661cbc4cd1c97f2633cb992fef50ebceb123e1cb2ec2fe4025459c105cb8540206295c5b9bef21a5c4fd1b67ac92d77d3c988ae83819663970e2ff4b876a57f44ad05b7cc55c7a64bd88f032e47afe1bf547521e0c27a060281b85b55bc01d79a5cdd74499743d7f1ad5cae67a8e7a6e175bf21dc7b48b907df35b61ef35286f35cda9e07550ab8b09e814020e2684b3677b205d7f3a983158d2ebc5fd2a2ebd5ab5bcea5b4cc1aaf8b3a2e6fb5f472aeb5e596eaa69332c6a58cdefc1d1fb8d5d7e5804ba1578840206e65b876c165c8a5d7dc9ad0f526fcc04b3371c1427f8096b75afcf063e6950cefb6bcd172bf326d42b6ba00212fb8f26dac2210885b1bae7ccab20baea7bdef781c70add1d5bd3b61b7f3c64befb7da0a87d660b55efdae2d93f888ad7eb1045ff78fe153f8830c8b0117d6331008448c9238dfd7de07d7d3d826b6e1d6882ef1fe70f84e4cf0e2e57f07f804adb7a8f5a3ad6ec456f8a7799a7abc13b91870613d038140dcab223e0097335dbb7c7a7e882e3bf2d2adefbc156bbd14ffce1f5ab3c5a7c1d6bc4cd8d76af8bf95f3ea4631e0c27a06028138bf20cea8ea87e072a66bc74a8d97757dc02ecb0537f32a915e13b35a2d3efbbd39c3a9a6d660b093611f6578bb6439e0c27d920804e24e86eb05b8ec62fcf6ee92e0388db7d3aec9a58cd6ab65a28ccea1926264d6c7bd4ceef72aeb7aee128e13aede2c130676ab2870c1722110885ba9ca2b70357cdb2f5c9e04f5865d6a656ff4c48a7cf8e232fc7d7c6c02edf2bb7876cabc6c3c9fa73b1a2fd325647d5d28b8b09e814020ce8dbc7d9c97e01afeb55ede5cb2bdf5e425bb76b0313a9de1f30edc48c82f3e9073feda5f393f15aca418c3d5cf6d42f70b03f8f5adc805810beb190804e2e46a386b1be70db8dc07b03dc315b2ebd97d73b3890af165f8151560dc78ace0cb892f676deb45ca4738d9320cebcd23e29b2bba4a02177a850804e2dc6238ebcac25b703d9498d1f5dc0d71bcabf1b105328dbb816003c24e791ccae06af8f4ba6dff63f0d4defa7f38d9722bf0cbe15681e0c27a06028138d570e51d3fbc07d7207bcca3ab7b1e8538681a7eec8802c2588619880da0f99863ca7cacb4b0da7cae1f1d9d87d686c82a58837786b4af0b07172c170281b891a27c022e7f2b153be6d621bcbeb04fd62489157602bf7414bb1f3ee04afcc7bef1d16aedf9c8e9d248758cadc2c085f50c0402719f1ece67e032efddb6e331506fd915cafd6f4f65764f0760da079b7769ff6c368efdc1e7e1d289b27ecb1a517980adc2c085fb241108c4899570e616cea7e0f2b32ecd9e7fec9deb92e3280c85c7e01087c255fdfe4f3bbe5f9238061b09619f53bb7f767b7a7291f57124017bec5a3baf58e9b2c191fafe6fdcefa3aef5fe987fd518ae76dfd6d7de964c7055a8154210749585b03fb89affa93b6ff3dcd7e0bc9e759dcf3a7f345a1ea7085775bb4dc0a9c7231b70613c0382a068ebe0d4ad87207055559bb0f72b864b78e95afec55c33b33ca0357c08857d3c320217c6332008ba4c360904576336fa1bedbdd835d50d5b7a89c4970d64d6f8fef5dfe39117b8309e0141509cb499be7e130cae46ddb1b9aef042575dd74b32c8c1578bacc52bf382d6f8d6cd7c0f7236e0c2780604419156c1c9cb3747c035da0e1f760d3f3f33a2c557da63e26d35bbacb60de7c9ac915aba7bf1f9810bb54208822eb2083e06aeeeae2d2f76adaa6c753d75beba7dbdbcfecbb6c4aa172fc01f5923b55ec538c4981fb8309e01415014c395beed70185c6d2edf67d7b726d10a5f5d67495112ace7d50258cf40647d522b4b70c172411074914c72065c13bbb667357e0c39b43059126cc0898d0131dbd24aad70d502eb194cacf6857e522b4f70613c0382a06bd46e4e826b875d1e98a83b07b622d840b15a35f06941d6e907a33ab53f5bd56fac9a79150eac4541f49d5a3fc055ca0517c63320088ab0021650ba390fae6956e3e53ee015666d0613f601b1703dfb7ae0515c0dd0eaad96d3df0ee7c8d071e1f40c0882aeb1008e02aeb9a0b6ee789de0463daa83d073075283ab3acdaac5db19ac96d9f88e720417c63320083abdfe95d0728805aede78b9b5f3aab2d408adef562b6370613c0382a04b649198e0ea3b5e33bceafca0656668fdb6c3dbbd2dc1e0c2780604b1173a547f57a0524aa9fcbbcc42ea36b1c1d59d403bc3abceca68393f6865ebb82e319e71b13c005d1758c67cbb95a9bbd936dfb725a4534e00ae9575c9825e13b35e85f1cc8579822bebf18c5f7900008364c5ea7c21aeebef0ad4ebdb055d9129bd842c7ea9c0d5ddc535cce549a6d7cc2ca74322294f70e53a9eb1cc03fd9da1babf65d4659f07a00b426b08d426a37c094aa5a605d8e6ec9764c325a3dd40082e3b7e8dc5947124e1ab41d6fcc282b3de8fe6966070e5389e61a73c506ce5013de501c00b4a5b1e1c8e2bd86d37d89fbb6de44a4a06a1745ccb6fc914f3da589ba4fcaa8d9e57ea47ebcd793aaeecc633d4f874ef2d4d9b8c51e49807a02b79ade1186edf10b4a17f00351b3ec7b5fc9a56c4287c6fc08a06ac5acf26abe3e789d648a6e0ca6a3c637aac2d51e280a0889581fecaa3c0e74b99f1a624182e798eebadb4b3ecb1b700339404338dc3d2ebbff16bc92916b84ad1e0cac7720d0fb462491f10747291355f79746c81a6b30859314d7246c7f5c1af85ff1a9aee1dc3ea18e6aaa7d56a08cd6d344b6fe5b8fee5319e61f571eb64fb3c00db05b161abf87aa0a97fc89efd05f75bf7f23bae4f8099e263ccb91b21ed4fdb6d50f6d391d5fd4f743fbc1a349b7968e2012b7b70e5309e71fa31ce250f4097c1d659c39447c83ec5648f648eebcbaaa34198f9429e03721dad0ce106d59f07c34b0697fc5a619447b8b36c4017445f1c2822d5f9fa90155d3014b49d26b9e3daa458c731d36fd7f9b6f174b5ada7e3547f9a02cf379fade3923e9e11390f005d10a974c4f65417b292c73404956be438aebc942fb8645b2e133b0f68e456882e5c5d5c93d42edb9cdcc596a006b950c70570dd22fadea528f280f9074154d581d89e3ef62370d5352f1cd779709579814bec7806c572b3cb2d988d87687227c5aac8885d6c49ea32c071ddce71493db0b02dbb986c7e2d04bb45b42492bad812d56480e33a05ae324370099a69bd751e8072967284bec888ec74892ad5c071ddce71891ccf5094bea8315d0ee385504469dac550bbd81257261055a981e3ba1fb8048e6718fa3c80f142289ae8b9d29251d67b96b5de85e3ba21b8c48d67d073c588cb0350b6b21c0e5ebd5e4ed4da5fd6065038aea8e02a37c16597ff25f58327cb723579e0459f079cb03c00e52aa650b2b20adcc21a0c705c4c8ecb966529065da22cd73df300942db7b8cc7b5be09613b1c2ca34705c4ce052652719ec92b47a62cb03ff44e501285319c676a9a48815d61887e362745c72d825270a1563f349634717743e8634ebdf26845c95b0be381c571c7095fee092c02e31be5fb1e60183e14228abb58f1872493b9b1b8e8bdd7149409794f10cc54c12900bca8b234606b9c4edfd84e36202972adf95945d322c9762e78802b9a0ac2822c37389db4103c795c671a546978815540a8a28f4b9a0ac624782e79277be291cd739709567c095125d026ad669dc8fc16c2194955bd7e9772056e28e3785e34ae8b852a22b7d285a972a0f805c503ef1da4ec5a72697bc6bd3e1b86283abf4ed71a5455772f3dfe4812255cce30c0d2858c9e2b5dd899cf6bc3281c772c37125765c9d52bc83d4edd622651e70c8c350b0edb9e1224f46ae80e3120aae14ae2bf12a2a69f90327ee42e1893261424b3b5224f1ea59382e11e04a81aea475ebb4231216a3855028399236469372b31278f32c1c5734709581fbb852a32b6538a62687c280061422977afb5fca4aa5bcd10c382e318e8b1f5d290b002e75ad4ea3cd05e5818de4e89478633a1c5714709571c0c54cae742d572d210fa0cd05f9674909bb1e131509048e66c07189725ccce84ab6929250a8439b0bf28e152721564ca2d59ec4d10c382e3670a9521eb952d5aea5e401ece6827c54c870e7898a8512473386a45ac0715182ab08705cac9bba1285a490fe52816221e45920b0425e478a4285c4d18ceec3a002d71d1c57e90dae3f6f70f199ae34450029137d16938590a00281da4d9849965a2247330670bde0b8281d57f7113f4a81e44ad27615e3740c260b213161a2f64bd7497a6d224733ba65e76be184e1b8e283cb06838bad5c986235250717327aee906c3551c261cc5b07b14bae04cf8eccd18cce07bf16251338aed3e0fa3864b733b5ae2c25922b41fd5a102d14e633a03d699602415ff9da0d47fe8747e668c6bfa10163e0b8e81c573fb8598a24177f588aaacf15b80e19da711c2c9dd02e4778904bb13f3d520d57ff9139382e3a70b9906978e646177f21c0499a8890322f06dddb70e9d7cb935cdc964be868c6e4512d1c1715b88eb4b8f83c1777eb55d840042c1794de70cddcdadd15cf6db9eaa758ffe1961f171cd771706d1cb26b8eb4b8d8c8c5bda2f2335c56a9e69f8f7f23fd382c1724c9702db9a5f71f204ecb25763463fcd81c1c1795e372875a5c6ce4e21dcff0345cc5ebab22fd382c17e42b06c315c42d66cb25d8700db54205c775185ce52f70f51fefdf217071b4b9782d9767878b0f5ccaefc7a07bcad01bae306e313789051baec11214705c348eab4baa45598a2517676cfa2e17f9c0d5fc59ece582d25162c92d2f48727689e58e66f49fc46cb9e0b822836b987d39082e8e62216735c0b740cf082e85e333a074c1a15711eb4549c693ca9e4fc949dc2e680fc715195c7d4e2d4bb9e4625c5579d7e518c1256b3e1f1225723baedf425679fd19aeb6ac155d291c3f3d05c7151f5cbde132c7c1c5502ce41bcff07ee438c16570483cb4b9a4b7c40fc42b9c5c7c3582fa5949ff7e46cb05c715175c670d1707b8f82c97b7b9e10497c5443c94664da3bf04ad8af8189d5fd20aff82f4b4f50d8eeb2cb8ca25b8cc59c3c564b9783e33ffa52227b8309e016d46062921f4d7a8ddff2bb96a04b2473306860fa78dc0718581ebf77d5cd61dde7ccc092eae8a803f2158c1a5502b8436bc383fb73cc86599b670c8bc41f28de143b1108eebace35a82ab383752c8359ec1d583f5afc96d90a8d8903b052ed40aa104ce668b5b1ee42a586a851918ae31531838ae98e01a9603e7b8c5532be4586404389be21543f19d20742791c685da8edbddbf95a756f87c66603decc07a38aec3e07aaf1a8ea1f9900f2e1ecb15900778c185b942e85c85202ab7f6dd94e5982bccc2708deec0c17145735c7d83eb6ca190671332cbe2caf9e7015e70591cfb049daa10f0728b67ae300bc335e50a07c7150b5c459442210fb82a06cb15b2fd64035c4a7d3f06fedc700657cf00ca4b86ae5278925bff347d71bbcec3708d13702b72c1719d00d7b010789c0717c781850c616a0236fcb34e1592a628285bd12d67ce728b6110d6663052b8fe340b38ae18e032711a5c5c979b30c469481e60061706e2a14f9115904f738ba1b89d4ba1b05f77be792e38aec3e01a3ecbbf08dc62715c0cc5c290563733b8fea1c905b1ad6696dcd2d61de05650bf586a0526a2f49be782e33a0aae815b2606b74a9e37441daa419350dce042930bfa5cc7d39c65abd6f76f2dc9155292202d6e57f9140a9709c0c1719d0357546ef138aeb65858d1e681223810d9c0a5d1e48278d8a0deef8d9cc9a5429e26ca13e2ab9c0a85cb0c50c0710580abdce05611875b4c8e8b3a5a83d8c00d2eece482de453372ae3eef3b1ec9a5827e4d916d26205976af3c171cd721c755c4e51617b888e335a81ac70d2e8bdb24a13791f43dbf706b2457102629a73332e4d61bb9e0b88e802b36b7d8c0451bb141c71070830bd319d007621cc52ffdc2ad9e5c8af0710a43408edcfa371c14df088eeb10b8fe5c6c6e3df8de544d17b3614b4465be6af7c75b8215bb3fce56178272065741f03bbf72ab255768f8918d135599726b5ebe6a38ae7070d957d4b90c667011462dcf5629e37344296b1e803215c1a6f44d6e090ad87cb935ede77a3938ae507099f8dc2a59df1699e7120e2e9c9d015147444c6e51056c9d31b716e4b2705c21e0fa1bcdea5f99a7e1ea575c751e7900e082480b4f912d4d546ed104ac7d66b67febe3331e1a35cec071f9836b1c6b7531b95572bf31a2e0150e2e1cfa04d1822b2eb74802b6b15b75e6497bda1457c071f9826bf4a9c5a3ccd770b5df7d4d61ba789a480017144991c77522738b2060ab67d665c239d10cf641c171f9806b9c268cdade4a60b8a842583cb8b0910b5a2aee0689d8dc8a0eaef699af2f91b1a78fbab0705cbbe01aed56d4f65612c3359aaec8e8120e2e6ce4820803223ab722ef40be0eb6dad43c992e03c7f51b5cca91940913192e1274bd5e1ce100704102c1159f5b315f5fd53eebf5756cc65f399b2e05c7b50dae6998f0a5ca8b702b7e38f38001e082e4052c05b722bd3edb3de6d7715b7d6e2e27d3f5d2168e6b035c539530badd4a54285cb9ae865d56581e00b8a09cc045c2ad1fafcffaa84dd0757f967a7d3987d124e2e9436feb85705c9fe0528ecc6e25e6d6ccae36b6db85888f002ee8e6e05296815b3f5edf3340f535ed459b3c27d3e5141cd73bb8e6bb74e2db2d01dc5a14137c057041b7059735c57854a956b4dcfaf1fa6a2f5d3b41b7f9734ececec0712dc1b5f8646c79516e8df4aa2abfe701e0826e0a2ee3d6971374930154dc42c0ee93ab9cba3861e8bab8e35adcb96d1ed7e65636cf19c005250ad8776cf53b89c8b88580f521d75c2f0c42d7953f9705b608aa8497e316c0055d3960edc6957064dc42c07a91abfc3b80ae0b3b2eb5c0d65f096e015cd09d0356396e6ee18cb25d0d7e6261315efade8e6b5115a0686e5d915b383903ca4b2e60c7bcdac516c11d29b8cec0935c2b7415b7755c569363eb82dc6a90221a5c166715424703d6835b3af6cb03b802c8b54697b9a3e3528b5a3615b6ca9be78114e0421e808e066c0a6ee102393f95dfd0e5f4cd1c975d4e0e9161eb71d13c20fc3e2ee401e850c05a97805bcdcbb3f88e424cd7724c63cf765dd76c118d645c975b7ff63f7b77a0db280e450174216009c448f9ffaf5d20699b509298046cd29ca359a9ab6d6766d3d777ed8721de0199b7aad8d88a787c9e708b61c341702d4daeea18ae5613ff3e61c775b5d96a82d85abea53924f8535e082e7d80ebe02a220bfbb10d0e00164ded7b14e7b2bd5e45d7cd91e1df49adab55d516b71bfff5dcfaaf4e727cf7e9e02a9aa39f709e28d8880dd7165bae4e703db3e9aaaaeb3bee6647867f640d5b5eff9fb695d87aaa0f2c39b6d7966539f3cfbd4f1f0dc175f8fa9725ddc20296c93a3dee0689980dd7165baea6a97c8f9e8baeeb89e15c76fdb9d4da7046f8b7632bba0fdc5fc6aef4e9fa008f0b36ee46ae435470ad3e882e9b42c13e9b5cd36dd77466f8ee3baec984b0df6c6d3723acfe7a19568bee404e1d5c6dd3e9035c156cdc79f82e2eb8d63efa139aa0605f89ae7af26cc9eef2acc65f4aad2e6c995ad527f481053fbca983abd40798146cd41d127193c2f56785a16915ec6bd1351d19fe0c0ddf77c7551e260ba92d47849f105b7d1f68971c2b4c1d5cfdea5a1fe0aa60a38e1586c8e05afb816245532bd897a3eb77769d365eef195a61da06374eadfa238e05d48b8e15a60eaea239ea034c0a36a280a2836be5557cd3544e133db31ca91e66d7c59b80be71686d9d5a55f53115b32c48d206576301cbb460bb888b5c456c70addb0b87b319826b9d5dd75c763545789bf09a09aded53abfaa07a59723a237170954da70f3029d898abb299826b186d2bd8f5a2abcfae622ebc767eb5ab2d67ffda9ba756fd51d5b2e4718089836b38a3a50f705db03117b93205d730da56b0ab465755cf6cbc9a6eb75baf3eb3664eb486635d89adf47d205370e903fc52c55ce42ab25ce36a9ba632da5e3dbafa8d5739f70dedf6b5f76ae733ab29cacdb75ad507b6c9e12257f4773f71700d97b8041793828d186ee7d9710d97b804d78bd17523bbeab9a9e16904977ff3d5869b7fb9045bad0f3947f84c1fc8135cfa0073051bf160e83ca70a87098182dd6adb7573e775da7c65d97df5bbacf96dd669a79520b4aa4f5dda574b66856983ebd094fa00bf0a36e2f99ab1c1b5eefb6b9b106cbced1ac3ab0d371f8b5224cbaf31b16eeeebbbd026c9acea83cbad8eba669025b8babe0f082e7eadc71f1f886f733c39639c1008aeadb75de3dcb0bcb734e9c600db22c1da720cac7b0f140b89365ad587d75abd64569834b886c3f0fa00bf0b36625698e35985e3a450c1a6c9ae87e975de828d11f65a860d6f7231c4d5c30ba709334ba1d54b668549836b9c14ea034c543133820c4f876f1b1382c4d935a4571b224fe2f4c9531c421883ece6db2b7dbf1153ef504484d5d7218c366166698bdf7d20f207386970e903cc176cc48ca04d3f291cee3a54b0e9b3eb1c5fd1e771d6151247d6879e219cef03d14f884f195ce315037d80e7660445f233859d4961c6ecfaceaf2e4d6075e9134b6afdee0391a7ab5206973ec0cd36f6f806ac32fdd18cce0c67bb6f7abda4b91f6fde58f5b2620cacf48925b4e6fa4017793c23617095c35308f4016ecc08d6b8956be59bb84a13825d6cbcae12ac8fb0d733ac4fabd0e6ca2ba175bb0f94918bcf84c17570c5809b051b7359b64b7aa4f0b4d052b0fbd9784d3bff9062638e3d8ab2e2f439c367f759952fac84d6c33e50453efb265d709d8e68e903ccafbc23b65c6d97f2dd8f4f0b2d2d66cfe1f58684d6cb7d206d70e903dc2bd8982d579930b72cb484d7ea99a5fdad327a195a4198b5d2a7ffee03be73dc9811c42cb5ee9d305b37b7ce0b2dc19534bc6a99a50fc46db952d107787dcb75675ab872b55b68492f99b5db3e908c3ec03a4badf96975b7f61b6114165ad2cbf5ac3c7da0d8cf5fc8868b47051b3bddee36df6e8d57d36a059b3dbe6cb33eb30fece6cdb05b7d80473382e8a5d6e43d9cbab0fe68a13b2db4741f9b2f8995ba0f942bbf39d1eb8317df53ee2cb5aaf8a5d6d79baa1745d862201ec687665868c9af2589a5bdadd407ba75efc83478e133965aedf874320bad5de6572db0fe7a1f3836dd3ece67344dab0ff078a955ec63a9558c8f83b6d09260774782fad9767d6017e733823e4054c1eee3baecd78040637a87041ba78875aacd95b84ab1e5da571f105c3c28d82aec6058d876a70181e07acb101bb7626b04597d8e2a5995be0fb47b18169e4f68c92d1e57ec0e86045f834205fb27a2ec3bce7e9c4269f835f90fe7cf471fd0075852b0f98704c18000f2f781cc97bb0d0a5952b165e621415faf470b2dc8db078e9957b06d37be1d9f3e405cc1e61e127c0db6d52b6451ede072776b50c8c2e4ea7226d777bdbad20119832bef0ab6383f824070115bb139c7db87a6abd52beca00f74f9dee0e4fb42b73e40f4962bdf783b7c5fe0b2e182ec7d20d30ab6d407786248103225d74fbd5a6841ee3e70ccd707823ec0e2a556a6a385ea15ac60dbef035a365c2c4bae224372b5cdd70158f50a7be80321c3db21f7b955e8033cb5d4ca905c17f56ac305fa803ec0d2a556f28a2dd52bec31b9924e0b2f73cb868bbd2757d9a857d8631f48799d4b6ef1e2522b69c55e9ccb50afb0a3e40a69fbc0776e19bcf05c728564f771848bdc52afa00fe8033cb9d41a2a36c9bdf3879ff384ea15f6975ca9fac04f6e19bcf07472b54d82e795b5c5cf7dc7ea1576d7078e7d1fd8fe8277df075a7d80552ab6dbfc5051d9ff11720bf4017d80952ab62e361e70877e3157ab57d007f4015e53559703eeedc604c398f067acad5e619fc995b40fb8d0cdebc9756c9a6ea3c556ffc370311e50afb0df3ed06db6e90adde5656e7d80552a7618136cb1d81a9759b57a85b7e80361bb3e50e803ac5eb1c3e9c2f5175bd3b4911592000002fb49444154ed967a855df7814d365d7d1fb8384da80fb062c50e8bad758f1595dd64bba55e411fd00758b162c7c55651ae59aec5d576cbb90cd8a5ab5839166b4657594cc72e728b752bb66a578baeb15cafa603720bf4017d80f52b763811bb42c90ebbadeba1b67a85f7e903c325efd7775d436c4da684fa009b54ec185daf9d8d1f4ebe76937255aff0567da05ba30f34a53ec04626155b8dfba5c393cbad719135190e186bc3dbf5816160f8f4f8a53c8c7bb65a1f20d9626bbc3cdb2fb716dfd0d18e8baceb23199659a00fc82db6afd8aa1e4baf0b0bd65be5e1f42533bf995718deb80f2c99bf94411f20d79860586e8d05d81431e15586616dd657eb71e637f2ea823ee0d525c5626bacd9b10e9ba2afda1bf382b6afd5eef449e55cb55a66c1bbf781f2d407bafb7de0dc2c823e40dec5d6506f5fe135946d114228cffa0f8b73648dc55acf7fbdd715f401af2b49175ba7aa6d43f8aacd892e94c73b5fe855853fd3078ee5ed3e105a7d80bd95ec587df5b16dfb083be93f3cd60fbec02b0afa805794ac25bb8872057d401fe08d4a56b9823ea00ff04625ab5c411fd00778a39255aea00fe803242fd95ab5c2c77b3eb53402de26bb542be803fa00ef53b3aa15f4017d80b7295ac50afa803ec0ae8ab6be57ab8a15f4017d80bdd6ed58bae3aff163af097c5a1b383582eadc098636a011000000000000000000000000000000000000000000000000000000000000000000000000000000000000000000000000000000000000000000000000000000000000000000000000000000000000000000000000000000000000000000000000000000000000000000000000000000000000000000000000000000000000000000000000000000000000000000000000000000000000000000000000000000000000000000000000fcdf1e1c120000000008faffda0f660000000000000000000000000000000000000000000000000000000000000000000000000000000000000000000000000000000000000000000000000000000000000000000000000000000086001bb93175360674ca0000000049454e44ae426082);

-- --------------------------------------------------------

--
-- Struttura della tabella `courses_users`
--

CREATE TABLE `courses_users` (
  `email` varchar(255) NOT NULL,
  `id_course` int(11) NOT NULL
) ENGINE=InnoDB DEFAULT CHARSET=utf8mb4;

--
-- Dump dei dati per la tabella `courses_users`
--

INSERT INTO `courses_users` (`email`, `id_course`) VALUES
('professore@gmail.com', 1);

-- --------------------------------------------------------

--
-- Struttura della tabella `exercise`
--

CREATE TABLE `exercise` (
  `id_exercise` int(11) NOT NULL,
  `name` varchar(50) NOT NULL,
  `description` varchar(255) NOT NULL,
  `id_unit` int(11) NOT NULL,
  `file` blob NOT NULL
) ENGINE=InnoDB DEFAULT CHARSET=utf8mb4;

-- --------------------------------------------------------

--
-- Struttura della tabella `invitations`
--

CREATE TABLE `invitations` (
  `id` int(11) NOT NULL,
  `id_class` int(11) NOT NULL,
  `email` varchar(255) NOT NULL
) ENGINE=InnoDB DEFAULT CHARSET=utf8mb4;

-- --------------------------------------------------------

--
-- Struttura della tabella `lessons`
--

CREATE TABLE `lessons` (
  `id_lesson` int(11) NOT NULL,
  `id_unit` int(11) NOT NULL,
  `name` varchar(50) NOT NULL,
  `creation_date` date NOT NULL,
  `link_video` varchar(255) NOT NULL,
  `quiz` text NOT NULL
) ENGINE=InnoDB DEFAULT CHARSET=utf8mb4;

--
-- Dump dei dati per la tabella `lessons`
--

INSERT INTO `lessons` (`id_lesson`, `id_unit`, `name`, `creation_date`, `link_video`, `quiz`) VALUES
(1, 1, 'Archives', '2022-02-14', '8SSGiA4myck', ''),
(2, 1, 'Types of Database', '2022-02-14', 'NEqcz2Fv4zc', ''),
(3, 2, 'Database Planning', '2022-02-14', '', ''),
(4, 2, 'Entity Relationship Model', '2022-02-14', '', ''),
(5, 3, 'Logical Layer', '2022-02-14', '', ''),
(6, 3, 'Derivation Rules', '2022-02-14', '', ''),
(7, 3, 'Normalization', '2022-02-14', '', ''),
(8, 4, 'MySql Introduction', '2022-02-14', '', ''),
(9, 4, 'XAMPP, CLI, PhpMyAdmin', '2022-02-14', '', ''),
(10, 4, 'Data Definition Language', '2022-02-14', '', ''),
(11, 4, 'Data Manipulation Language', '2022-02-14', '', ''),
(12, 4, 'Data Control Language', '2022-02-14', '', ''),
(13, 4, 'Transaction Control Language', '2022-02-14', '', ''),
(14, 4, 'SELECT', '2022-02-14', '', ''),
(15, 4, 'Access', '2022-02-14', '', '');

-- --------------------------------------------------------

--
-- Struttura della tabella `prof_classes`
--

CREATE TABLE `prof_classes` (
  `email` varchar(255) NOT NULL,
  `id_class` int(11) NOT NULL,
  `role` enum('tutor','normal') NOT NULL
) ENGINE=InnoDB DEFAULT CHARSET=utf8mb4;

-- --------------------------------------------------------

--
-- Struttura della tabella `units`
--

CREATE TABLE `units` (
  `id_unit` int(11) NOT NULL,
  `id_course` int(11) NOT NULL,
  `name` varchar(30) NOT NULL,
  `description` text NOT NULL
) ENGINE=InnoDB DEFAULT CHARSET=utf8mb4;

--
-- Dump dei dati per la tabella `units`
--

INSERT INTO `units` (`id_unit`, `id_course`, `name`, `description`) VALUES
(1, 1, 'Databases', ''),
(2, 1, 'The Relational Model', ''),
(3, 1, 'The Logical Data Model', ''),
(4, 1, 'MySql Database', '');

-- --------------------------------------------------------

--
-- Struttura della tabella `users`
--

CREATE TABLE `users` (
  `email` varchar(255) NOT NULL,
  `role` enum('01','02','03') NOT NULL,
  `username` varchar(255) NOT NULL,
  `firstname` varchar(50) DEFAULT NULL,
  `lastname` varchar(50) DEFAULT NULL,
  `password` varchar(255) NOT NULL,
  `registration_date` date NOT NULL,
  `img_profile` blob DEFAULT NULL,
  `id_class` int(11) DEFAULT NULL
) ENGINE=InnoDB DEFAULT CHARSET=utf8mb4;

--
-- Dump dei dati per la tabella `users`
--

INSERT INTO `users` (`email`, `role`, `username`, `firstname`, `lastname`, `password`, `registration_date`, `img_profile`, `id_class`) VALUES
('avogadro4camerun@gmail.com', '02', 'administrator', 'ITISAvogadro', NULL, '1182cd49375692602dd7cb67ace55ac5d1aabb5faf9f43f65af85f6d97a526d7', '2022-02-14', NULL, NULL);
INSERT INTO `users` (`email`, `role`, `username`, `firstname`, `lastname`, `password`, `registration_date`, `img_profile`, `id_class`) VALUES
('professore@gmail.com', '02', 'professore', 'Nome', 'Cognome', '3d677e430742561b32d61c886a5023cd9786696326d59db58053f2e1b3b14dce', '2022-02-14', 0xffd8ffe000104a46494600010101012c012c0000ffe111804578696600004d4d002a00000008000a010000030000000103e800000101000300000001023700000102000300000003000008920106000300000001000200000112000300000001000100000115000300000001000300000131000200000024000008980132000200000014000008bc8769000400000001000008d0ea1c00070000080c00000086000000001cea00000008000000000000000000000000000000000000000000000000000000000000000000000000000000000000000000000000000000000000000000000000000000000000000000000000000000000000000000000000000000000000000000000000000000000000000000000000000000000000000000000000000000000000000000000000000000000000000000000000000000000000000000000000000000000000000000000000000000000000000000000000000000000000000000000000000000000000000000000000000000000000000000000000000000000000000000000000000000000000000000000000000000000000000000000000000000000000000000000000000000000000000000000000000000000000000000000000000000000000000000000000000000000000000000000000000000000000000000000000000000000000000000000000000000000000000000000000000000000000000000000000000000000000000000000000000000000000000000000000000000000000000000000000000000000000000000000000000000000000000000000000000000000000000000000000000000000000000000000000000000000000000000000000000000000000000000000000000000000000000000000000000000000000000000000000000000000000000000000000000000000000000000000000000000000000000000000000000000000000000000000000000000000000000000000000000000000000000000000000000000000000000000000000000000000000000000000000000000000000000000000000000000000000000000000000000000000000000000000000000000000000000000000000000000000000000000000000000000000000000000000000000000000000000000000000000000000000000000000000000000000000000000000000000000000000000000000000000000000000000000000000000000000000000000000000000000000000000000000000000000000000000000000000000000000000000000000000000000000000000000000000000000000000000000000000000000000000000000000000000000000000000000000000000000000000000000000000000000000000000000000000000000000000000000000000000000000000000000000000000000000000000000000000000000000000000000000000000000000000000000000000000000000000000000000000000000000000000000000000000000000000000000000000000000000000000000000000000000000000000000000000000000000000000000000000000000000000000000000000000000000000000000000000000000000000000000000000000000000000000000000000000000000000000000000000000000000000000000000000000000000000000000000000000000000000000000000000000000000000000000000000000000000000000000000000000000000000000000000000000000000000000000000000000000000000000000000000000000000000000000000000000000000000000000000000000000000000000000000000000000000000000000000000000000000000000000000000000000000000000000000000000000000000000000000000000000000000000000000000000000000000000000000000000000000000000000000000000000000000000000000000000000000000000000000000000000000000000000000000000000000000000000000000000000000000000000000000000000000000000000000000000000000000000000000000000000000000000000000000000000000000000000000000000000000000000000000000000000000000000000000000000000000000000000000000000000000000000000000000000000000000000000000000000000000000000000000000000000000000000000000000000000000000000000000000000000000000000000000000000000000000000000000000000000000000000000000000000000000000000000000000000000000000000000000000000000000000000000000000000000000000000000000000000000000000000000000000000000000000000000000000000000000000000000000000000000000000000000000000000000000000000000000000000000000000000000000000000000000000000000000000000000000000000000000000000000000000000000000000000000000000000000000000000000000000000000000000000000000000000000000000000000000000000000000000000000000000000000000000000000000000000000000000000000000000000000000000000000000000000000000000000000000000000000000000000000000000000000000000000000000000000000000000000000000000000000000000000000000000000000000000000000000000000000000000000000000000000000000000000000000000000000000000000000000000000000000000000000000000000000000000000000000000000000000000000000000000000000000000000000000000000000000000000000000000000000000000000000000000000000000000000000000000000000000000000000000000000000000000000000000000000000000000000000000000000000000000000000000000000000000000000000000000000000000000000000000000000000000000000000000000000000000000000000000000000000000000000000000000000000000000000000000000000000000000000000080008000841646f62652050686f746f73686f70204343203230313820284d6163696e746f73682900323031393a30353a31372031303a31313a333100000990000007000000043032323190030002000000140000114e900400020000001400001162929100020000000330300000929200020000000330300000a001000300000001ffff0000a002000400000001000001c2a00300040000000100000258ea1c00070000080c00000942000000001cea000000080000000000000000000000000000000000000000000000000000000000000000000000000000000000000000000000000000000000000000000000000000000000000000000000000000000000000000000000000000000000000000000000000000000000000000000000000000000000000000000000000000000000000000000000000000000000000000000000000000000000000000000000000000000000000000000000000000000000000000000000000000000000000000000000000000000000000000000000000000000000000000000000000000000000000000000000000000000000000000000000000000000000000000000000000000000000000000000000000000000000000000000000000000000000000000000000000000000000000000000000000000000000000000000000000000000000000000000000000000000000000000000000000000000000000000000000000000000000000000000000000000000000000000000000000000000000000000000000000000000000000000000000000000000000000000000000000000000000000000000000000000000000000000000000000000000000000000000000000000000000000000000000000000000000000000000000000000000000000000000000000000000000000000000000000000000000000000000000000000000000000000000000000000000000000000000000000000000000000000000000000000000000000000000000000000000000000000000000000000000000000000000000000000000000000000000000000000000000000000000000000000000000000000000000000000000000000000000000000000000000000000000000000000000000000000000000000000000000000000000000000000000000000000000000000000000000000000000000000000000000000000000000000000000000000000000000000000000000000000000000000000000000000000000000000000000000000000000000000000000000000000000000000000000000000000000000000000000000000000000000000000000000000000000000000000000000000000000000000000000000000000000000000000000000000000000000000000000000000000000000000000000000000000000000000000000000000000000000000000000000000000000000000000000000000000000000000000000000000000000000000000000000000000000000000000000000000000000000000000000000000000000000000000000000000000000000000000000000000000000000000000000000000000000000000000000000000000000000000000000000000000000000000000000000000000000000000000000000000000000000000000000000000000000000000000000000000000000000000000000000000000000000000000000000000000000000000000000000000000000000000000000000000000000000000000000000000000000000000000000000000000000000000000000000000000000000000000000000000000000000000000000000000000000000000000000000000000000000000000000000000000000000000000000000000000000000000000000000000000000000000000000000000000000000000000000000000000000000000000000000000000000000000000000000000000000000000000000000000000000000000000000000000000000000000000000000000000000000000000000000000000000000000000000000000000000000000000000000000000000000000000000000000000000000000000000000000000000000000000000000000000000000000000000000000000000000000000000000000000000000000000000000000000000000000000000000000000000000000000000000000000000000000000000000000000000000000000000000000000000000000000000000000000000000000000000000000000000000000000000000000000000000000000000000000000000000000000000000000000000000000000000000000000000000000000000000000000000000000000000000000000000000000000000000000000000000000000000000000000000000000000000000000000000000000000000000000000000000000000000000000000000000000000000000000000000000000000000000000000000000000000000000000000000000000000000000000000000000000000000000000000000000000000000000000000000000000000000000000000000000000000000000000000000000000000000000000000000000000000000000000000000000000000000000000000000000000000000000000000000000000000000000000000000000000000000000000000000000000000000000000000000000000000000000000000000000000000000000000000000000000000000000000000000000000000000000000000000000000000000000000000000000000000000000000000000000000000000000000000000000000000000000000000000000000000000000000000000000000000000000000000000000000000000000000000000000000000000000000000000000000000000000000000000000000000000000000000000000000000000000000000000000000000000000000000000000000000000000000000000000000000000000000000000000000000000000000000000000000000000000000000000000000000000000000000000000000000000000000000000000000000000000000000000000000000323031393a30353a31372031303a31303a303600323031393a30353a31372031303a31303a3036000000ffe109e2687474703a2f2f6e732e61646f62652e636f6d2f7861702f312e302f003c3f787061636b657420626567696e3d27efbbbf272069643d2757354d304d7043656869487a7265537a4e54637a6b633964273f3e0d0a3c783a786d706d65746120786d6c6e733a783d2261646f62653a6e733a6d6574612f223e3c7264663a52444620786d6c6e733a7264663d22687474703a2f2f7777772e77332e6f72672f313939392f30322f32322d7264662d73796e7461782d6e7323223e3c7264663a4465736372697074696f6e207264663a61626f75743d22757569643a66616635626464352d626133642d313164612d616433312d6433336437353138326631622220786d6c6e733a786d703d22687474703a2f2f6e732e61646f62652e636f6d2f7861702f312e302f223e3c786d703a43726561746f72546f6f6c3e41646f62652050686f746f73686f70204343203230313820284d6163696e746f7368293c2f786d703a43726561746f72546f6f6c3e3c786d703a437265617465446174653e323031392d30352d31375431303a31303a30363c2f786d703a437265617465446174653e3c2f7264663a4465736372697074696f6e3e3c2f7264663a5244463e3c2f783a786d706d6574613e0d0a202020202020202020202020202020202020202020202020202020202020202020202020202020202020202020202020202020202020202020202020202020202020202020202020202020202020202020202020202020202020202020202020202020200a202020202020202020202020202020202020202020202020202020202020202020202020202020202020202020202020202020202020202020202020202020202020202020202020202020202020202020202020202020202020202020202020202020200a202020202020202020202020202020202020202020202020202020202020202020202020202020202020202020202020202020202020202020202020202020202020202020202020202020202020202020202020202020202020202020202020202020200a202020202020202020202020202020202020202020202020202020202020202020202020202020202020202020202020202020202020202020202020202020202020202020202020202020202020202020202020202020202020202020202020202020200a202020202020202020202020202020202020202020202020202020202020202020202020202020202020202020202020202020202020202020202020202020202020202020202020202020202020202020202020202020202020202020202020202020200a202020202020202020202020202020202020202020202020202020202020202020202020202020202020202020202020202020202020202020202020202020202020202020202020202020202020202020202020202020202020202020202020202020200a202020202020202020202020202020202020202020202020202020202020202020202020202020202020202020202020202020202020202020202020202020202020202020202020202020202020202020202020202020202020202020202020202020200a202020202020202020202020202020202020202020202020202020202020202020202020202020202020202020202020202020202020202020202020202020202020202020202020202020202020202020202020202020202020202020202020202020200a202020202020202020202020202020202020202020202020202020202020202020202020202020202020202020202020202020202020202020202020202020202020202020202020202020202020202020202020202020202020202020202020202020200a202020202020202020202020202020202020202020202020202020202020202020202020202020202020202020202020202020202020202020202020202020202020202020202020202020202020202020202020202020202020202020202020202020200a202020202020202020202020202020202020202020202020202020202020202020202020202020202020202020202020202020202020202020202020202020202020202020202020202020202020202020202020202020202020202020202020202020200a202020202020202020202020202020202020202020202020202020202020202020202020202020202020202020202020202020202020202020202020202020202020202020202020202020202020202020202020202020202020202020202020202020200a202020202020202020202020202020202020202020202020202020202020202020202020202020202020202020202020202020202020202020202020202020202020202020202020202020202020202020202020202020202020202020202020202020200a202020202020202020202020202020202020202020202020202020202020202020202020202020202020202020202020202020202020202020202020202020202020202020202020202020202020202020202020202020202020202020202020202020200a202020202020202020202020202020202020202020202020202020202020202020202020202020202020202020202020202020202020202020202020202020202020202020202020202020202020202020202020202020202020202020202020202020200a202020202020202020202020202020202020202020202020202020202020202020202020202020202020202020202020202020202020202020202020202020202020202020202020202020202020202020202020202020202020202020202020202020200a202020202020202020202020202020202020202020202020202020202020202020202020202020202020202020202020202020202020202020202020202020202020202020202020202020202020202020202020202020202020202020202020202020200a202020202020202020202020202020202020202020202020202020202020202020202020202020202020202020202020202020202020202020202020202020202020202020202020202020202020202020202020202020202020202020202020202020200a202020202020202020202020202020202020202020202020202020202020202020202020202020202020202020202020202020202020202020202020202020202020202020202020202020202020202020202020202020202020202020202020202020200a202020202020202020202020202020202020202020202020202020202020202020202020202020202020202020202020202020202020202020202020202020202020202020202020202020202020202020202020202020202020202020202020202020200a202020202020202020202020202020202020202020202020202020203c3f787061636b657420656e643d2777273f3effdb00430001010101010101010101010101010102010101010102010101020202020202020202030304030303030302020304030304040404040203050504040504040404ffdb00430101010101010102010102040302030404040404040404040404040404040404040404040404040404040404040404040404040404040404040404040404040404ffc0001108012500dc03012200021101031101ffc4001f0000010501010101010100000000000000000102030405060708090a0bffc400b5100002010303020403050504040000017d01020300041105122131410613516107227114328191a1082342b1c11552d1f02433627282090a161718191a25262728292a3435363738393a434445464748494a535455565758595a636465666768696a737475767778797a838485868788898a92939495969798999aa2a3a4a5a6a7a8a9aab2b3b4b5b6b7b8b9bac2c3c4c5c6c7c8c9cad2d3d4d5d6d7d8d9dae1e2e3e4e5e6e7e8e9eaf1f2f3f4f5f6f7f8f9faffc4001f0100030101010101010101010000000000000102030405060708090a0bffc400b51100020102040403040705040400010277000102031104052131061241510761711322328108144291a1b1c109233352f0156272d10a162434e125f11718191a262728292a35363738393a434445464748494a535455565758595a636465666768696a737475767778797a82838485868788898a92939495969798999aa2a3a4a5a6a7a8a9aab2b3b4b5b6b7b8b9bac2c3c4c5c6c7c8c9cad2d3d4d5d6d7d8d9dae2e3e4e5e6e7e8e9eaf2f3f4f5f6f7f8f9faffda000c03010002110311003f00fb7dae6e63dbb84811ced3d4ab370df2f3d8f6e2b66d75393010931f519078078af60d5f48fd996da7f253e37f8c515496013e0bdc5da2332a965ddfda0b861f283e8571593168bfb394db3ecff1afc72c5f8d8bf02e642bd3d756183f5af9a7875ba923e3561eb3edf7a380975308779666da324e3fcf351c3ad6f67dd21c607cfbb96aed7c73a6fc0df0d78563f11dbfc69d51e4b8d72df4182dbc43f0b350d1e0f32eadeea6592492dae2ee45455b393256163923230a5abc43521269a61bcb3d4b4ad5b47bf5ce9dab685aa5beb1a7ce5769962f36276f2e64cc65e0976cb1f98a1d149c55422d4eccce51a907aa3be935855914f98768230bbba9ea7e6edc9a865d6f2a72ccdb4305712286392bfd475f7af2d9b592ccc1882ca7a1666d98f94f7ec7bd559758907c9c005ba2b1e7a1fe5c63deba94547630f7dbbb3d4db59278f34ee0c0303c84fd7a75fcea37d55d93efb00097215b1bbf43cfd6bcbc6aaecbbcb64b0070d9500633f5ab916a4400049d41dcc3ef371d01efc7f214d24b63477e877171a839030c4863b77e304fb703be3a7e23a560dcea219c9248f9792ae73fef74fc3df9ac992e5c8cf190ac4213941953ebc7a1ac5b89c8639c076038dd9cff00b341cd34e7af52d5f6a20ee932db9385ec48f97f8811e9dfdab82d4f53eaccaa599811f2ee23fd9c9ff38ab57b7c4337dd5e37a2fdde9bbfc40af9ebe38fc66f03fc10f04def8efc7baaae9fa25add47630a88d99af676579047e6283c958663c066fdd9da8d8600bc62b9a7b154f0d56b548d2a6af26753e25f1868be1bb396fb5cd5ec749b30923f9d7d3476db8200ce573804a8e4eee06f19619cd78b58fc77f017889aeadf4048f569229d964d635431e95e17872a63512493cf6e1837ccdc48d86dbfba75de62fc7df8cdff000505fd983c59e33ff84c355b0f1dfc5368aded6cf41f04b42be10f01689e5de0599a4b88a5f3e598c4de7f9b32ca19b721118c6cf923c65fb78eb5e32bc824d0b42d13c23e1b6d5c58dad8d8dbb2c804b1a3471b4859a678d0891159d880b8c270157cac553cc3111b46f08fe27dce539460b0dcbf588f3d47df68f923fa06f177c55f0ee97a7ddbcb2e877b244ea64b8d26f6e6e05c37ef15a38ce6559798e32248ff00d605042f535cbdbfc40f867e21f02db78af4df175b4b0de40f3b2496f2c17163751c4de7699736f26db8328263dd288da355c6dde779afc0ff00127c4fd5adf4fbcbd9fc4f2f87356d448d72c239aed4cc66063926590b36d9124499f744accade4c6d8cb864f75fd937e316a17571e2cd660d2f548b535d16093505d0348fedb3a6cd30923dd32bb020b2c7b5506d55dbf348c1b0b143eb186a2dbd7d4ebc5e5384ad3528c797d0fd54b9d434dd5b4ff3a29de4495a49e2967b4782fed8e19961b88d865198490395700af98d863b8e7c53c4960f1a382b9dff0030c37df1bb04ae38232063e95f3c6a5fb4178fa6d79acefb4ff0dea96b2e614bad3747ff008467550576b2c7369a8be53c6a8f21c87ff5736ee550b47def81fe38f84fe25fda347b7bcb65d5a28dae12c0b62490005646877331665da370ce477f95771edc3577523cb38d9fde7918ecaaa6117b586b4ff2f538ef125a974919caef1c9f5fcb1dbad781f882db2ac140e170a76e480bd063d877afab7c4364a77fcaac8cbf2483e60dd091b41c0f535e0be22d29f0c557281783f7b193c123b71debd1a72e476679f4a6d3b1f34eb16842ba05c285046783d2bcab51b71e63b150c03600c639af7ed6ec9955b70624ff00095f98715e4baada0dce0232e3e5e38feb5d37d2e8f4139457323c82fe0f948d8982371c77ff0038af3bd56c41c90a72a3af4c7f9c57ba5ce9f6ed6c1dd70733172a7e7db1c71b2ed5ee77373edcf001af39d5ec116089800cd2c5bf1e631707711f7738c62a235a3cda9d51bf2ab9e37776b8e5948cf6c66b12680a96eb93ed5e9da868f1acd6b80c03cab0dd1ceedadf79b031f2f0c47fc00d71b716c1a6d992999d533f7b66e6f7f4ebdfdeb785684f63a12b2b1ca9182db87519f4e9509c0e99fcba569dc210ceaa84fcdb791f32edfbd9f7fc2a3fb3c4dfeb1b0cbf29e320ff009e9f855a9a633fd1ff0050d5e179232f20daf1a807e541db70fef73e87ae7a715da785f58d2e0b69d6e14ca6481a48de29fca08dd9cff11c056e1b9f9b8c77f98f4cf12417c15d9d58838e13e42dddb691c671c83c7cc38aef74dbe2a933463ee8df9dfb55f6e33fc3dbfc7ad7ceca92e87c9d47a72943f69bf14c0de08d06c2d9d1c3f8e6cee33fec8d3f5a561cf386f30d789fc31d6cc49a9a23320b9be512019504f9316d6ec3a3374031ef8a83f68cd6614f0d786f78c4f2f8c610a71b7f771d95fb15c75e0c8bff007d74af36f867a981677722f55d6648701b6eddb05b6d07d73b9b8ad6c943dd2795a89f574b76c4fde20e0103660138e7daa8c9a831ce64dbb48c2a0c9ce7af7c63deb8f6d59ca83bf76e1cf3f9fd33e9518bedae5779214600cef6c1cff5c7d6b7394ee175129c92992a0e06edc3dba63f4cd694178d215dae1173cb052a73c8ee39ae121bd470990d82a188ddcfdd1d3dcd6e5a481542ab380e77018fe21f2f23af6e7b7a500771e70f28b92df282dc2e17eeedfe671c7bf06b22e269177673f2ae7710c4163f32e38f453cd59859e5895463238dd8dc19b192a7bf396e4d42f6c46492448172cf90c5b3c74ff81350072b7ac7736dfbcc72426dc9c73f2f3cf4cf5fe1afe633fe0addf1ff0057f19f8a750f875a5df87f07f81b5b3a143676f3b4227bdb78e18f54b8b88c7df2b74b25b28932abf658644505da497fa61f18ea9a7f85341d6bc45ad4e6db45f0e68f75e21d56e163cadbdbd9c2f34923607f0aa16f7c631cd7f123f12fc7b6df16bc4bae6a1adcd6d6326a916a5e2dfeceb58d2daced5ee2fae2e85bdbe146e744108ded9695a32cccc4b33cb4fdb42ff0a7767bf90d053a952b35b2e55eacf9520d44457691aa17b39258dee2da46c34b8d9e62ab75c1c7ca07406be88d1b55f0a5c2eb3656fa639d25a43a8e9114a25c4824b5f29d779c7ef91636f994150dcb86556c49f0ff00f669d73e21f8cad3c35a35c892de716f0dddef97b4d8dc4d1f98d6f2f6deb95faf38e95fab3e19ff00822cfed1b3d8e87a9786a7f0edd697a926f6bf96ea71711397fdd45e480d1f3f7829dbbb0718653519867596e1ea7b3ab52d23ee301906658b87b6a34ef13f1cf54d7bc51e3fd46ded678a69a583e410fd94132c71ff00cb3c20c06da3aa7ca7730daa315eb7f0d7e247c45f82fabddeafa859f88acf4cd4a1fb1ddd9694174b3752aecdd2348d13edf2cac7f30465dcbb4fcd5fda37fc138bfe0837e05f86be254f88bf19750b6f177882f7494f274bd3edda3d296699636036ecdc5d7f7990d9e40f933951f6f7edc3ff00048bf821e24f82face83e1df04e85a3a7f624f069fa8d85a28d4ecae161f3a19de651b885915546edd8567c8e857e7313c498797eee953e6a7a26cf7f0fc389be4c44f96a76dcfe13b54f8e373f10749b0b29bfe25d7935b936524b78b717da984dcd12c73c29198651e59db22a7cc6dd41ea55fcafc39e299fe17f8bbc11e3d8b5637a875c68b5782ee454bd8a1919a39a1e72ac8d0b4844cd8f9b9dd85fde79f6bc92681e2eb3b1d42c9e09bc1baccba4ea9125c48e2f5acef0c25b6fca0319541650db98a0dac32a17ceafaee0d42eef8dd89e3b1b96921b693cd6043b60c6cc06dcaab469f32903182401c9f7f09469f2a74be13e7f1d4274dcb0f522cfe83350991a2f3420314e826c70db958653e6cf071b7073e9f4af37d5a1b7990b6df998e1370c7fc04ff00f5fdaba6f0b896efc01e0cbab8bc6bf9ae7c29a6cb35f6306ea4fb2c3be4e7f89df7311d8b11ef5c86b315d5a37da102a82d954242efc63f0e4ff51e95d4ee9d8fcef95f3591e47e20d322c4a0291bb713d36f3923a5789eb3a6619dc2ee1cb118c115f42eab24772a1c1c6e19033c8dc3a1fa5793eb16d9de76e71c0dc3e5fcba576537cd0b9db06f94f02d5239902a2939490b850701495da5b8ee428f6e3a75ae26eecae1e1f3081b558448a5559a3f9b72ff000f4079e7dabd7b55b45667c72ca48271f2939fe7cf5ae06fe3640c898650db88181cf3f360f7c71f8d138b6bdd3a28d4517691e677da6dd969046d85699b3db2d0f9a5b20e704057fc410392b9e1f53b0b98d7cdb828a9b9b2c645db9dcca578e0e7cb639af54be6958952f20eaa002581dcac3faf4ae2350466276bbf3c6ecffc0b70f4fbc4f6ef534a9d452d6c75fb58a8f358f39b9b2b9f339c86282e41271b9786f4e48e98eb9423a8aa02c262d22e119924292132797f30ebc0fe75d25fc6e18b16380a536b331ce4fcc3e9939ac29518bb13f3f3c316e6b7e5abd2c8d53bab9fd0a695ff000551f16695e52cbf0b7c38c61f97e7d667f9c0fbb9f97923f3fc6bad8ffe0b0be2d84aa8f84be162aa3181ab5d141e9bb033c1e7bf5c67bd7c5b777243306897249f98a72318f6f7fd0d6235d7cf8544c87c90c3861fee9ed9fe95c6a10bd9c4e096170f277e53ec1d7ffe0a7f3fc45bcd134bf197c376d2f48b2d45b521a9f856793509e091a2f258b5bcacbbe3dbb8fcadb97fbaf91b7eeaf801f15bc37f103c3771aef86ee6692c26d726883dee9d71a54e5921b70ca219d636ea48ca823e5ebc57e3ae976973a8110a617ce668ca440a607aed1d467b57e9bfc07d362f0ef842c74e8e010e59ae263fc52bb6df999bbe0773e82b3972ed147262b0f4a10bc558fbcedb568e789583fc99e4b756fbdfafff005aae7f686e391265542953f74955ea3a722bc8f4cd4246444cb9523e623a9c0f4f53d7f1c57616d785c6de0007820723eee403bb1ebdbf1ac1b94773ca9538c4f4bb6bbc018da46de36fddfe7f871ede95d669f234ce36b36e0fe58c907d3a7bfdec678e6bcbf4e9cc84e58a3c63e708db4eec28ee7279af49d055df6b312b920ab75fbadf911efeddeb44efb18b8b8ee7ac6936de74208793006e51b4b67d793df8ef5a0f664000c659971b4b2f9833bb68e718c633cd6b787ec5a6b64037642e728bb1413bb9ce79eacd9e0fd78aea8e88ee8a1d55b8dcae03649c0e718c03c0268e657b324f8dbf69ad162bff00817f15edee7533e1fb3b9f01ead04fad2ba93a76fb29a38e56528dbd7cc28ac9fdd66c915fc1c78a60d3d355373a4cd716b1430dbda5dc1732466ead675b78a3b8dbb79c3cab33ac78f950aa9cd7f7c9fb68fc2fd73c77fb2dfc6df0d7879aedbc433780ae352d14e9e243aacd7562cba84315bec6decf2b5b08d42f569012ad8dadfc01ada6a37d38b4b785afaeeeb5213867937c977b5376c0c7924839dbd5b2b85c902b6c36ae53b9f4b924d2a528ff0078fd95ff00827a5ce9369612493c32dcea12eb624b813af9f217db3f97c1edb1b6a03804a1f4da7fb1efd8bef6f6fbc19e18d2ef1ae504e6348e1b80df69693e6565cf1868f78e70b9257bf03f86dfd94be349f809e35d44788fc336091c2b14d75a778aed3528e4b6668d5bc9dd6904a602e3e6dd22b704315c57ef4fc0aff82d9fc27f01eb1a4a78a3e0bfc45d023b431ea13dff0087e6baf15e9023b809134d1c296a8e212ed09129619d919e0b306fcf73dca31d8ac63ab4a9f3453e87ed991e7380a38354ab4f97a1fd9ce85a95de971d96916fa61fb43dbc47635c7d9ae6dd182e3cce4ed3f789079f997d6bacf88116b57ba3ea3a7ded9aff0067ea3a27d96081e29279e391d666698ccf205c1f314ac61536984e643b82a7f3edf123fe0b8df0d3e1ef87bc3ff12fc3ff000abe3078c2d7c631db0f07349e13b7d156fee36c6863b3b39275baba9257ba8c8f2230ac9382012cec7e4fbfff008389fe3478f3c4f61e04f17fc27f1d7c25d0bc4511b6f0e8f86df08f4ff1878efc4065ba8ec6de358755f10ac2accf3456fba1c4cb3300bcfcb5e7d2caf1d3a52872c97958dabe2b0b46719ab35d5faebb9f911ff0504ff826378ff44f1efc439fe18f81b5cd5e3d4f506f1468915a2aab189dae26bc8fe70a1cb4970bf3c0cea822f2f6c871247fce86a373aa69b7896115c34b6d1431dc42d6cecc8cafb5be56619041f930b8e548ed5fdbef8f7fe0ad3f0e26f0846a979e32f88de3bd7265d27e18784bc6de12b5d17c5be20d4a49a3b54b26bad35ee2cae4493cf6a185b5c4d74a265dc713296fe49e5fd9dbe37c3f177e24f8626f87d7f7faa780f5abef0f78b2cf48b79355d23459e5ba92492df7c21848a8d72576c2d8656c820366bea786b118ba74aa50cc15ad6e5be8e5d3f3d3d4f0f8a6187c43856cbf593bf3dba75fcb5f43f49ff66af177fc26bf0a3433757966755b3b468db4e8a58cbdbdb42cb0db8dbb8be42c7202adf32f7006d27b4d7edb823072a76856191d97b71fddeb591fb2e7c12f12fc34f02eb3378c2c22b3d6f5bd43ceb4b54b7f2a5b1b18923117991ec52924846e2bf2955d9b915c357a2f8934f0a240124da369745e73d3eb8ee6be993e57a9f8fe27d9bc54a54be13e69d693cacba9c827904679f6af37bfb90e8cad96e4e7201cff005af5ff0011d8be24183d7b2e157d8f35e27adc6612cd18654fee2fcc47033c9e739e6baa949389a534e51d0e3f5050c58ed01429c00393d71f8fff005ebcff0053b5192c09e5b392707f8b1c74aef6e265707eff0020b6318e9d2b97d4951b81b46de141dc463d7a5686d1f84f32beb6ce580193b890c3a0f5ae2efad5b248e411cf727a57a5dcc3bcb90541079e339ae3ef2d9b247423e63819f4f4a2ed6c74c5a6ac7966a508200c7cc38c6704560b4241390a2bd06fec812c630dbba051f2e3ff00afc5732d667730c9e0e0f15b464ac6fcdccb951fad1aae8726f3b47cce7800961e9f80ac483c2f7b71264a2f96a7e73f7491fe15f485ef831e42646529862b1e06d03d157b103a03c76eb55e0f0ccaa76a30ca20611795bcc833f2f1d48f5c7b8af2d4e4958e7f68ad638ff047879a2bc84b228c1dbb4a8ce78c73d857de7e0e922b7b08e2c2a910fca1b8239fcba7f2af9bf41d0dede449e44f98fef234d98da4f6c7639c1c7515ee3e1f900f2d1b002128149da76ee3cfae00e326a4e4af07511eefa66a2a046d9c15fb840c82c7f4c9cfe95da5a5e333c6509dbebff2cc755c60752473d0d709a0692278c18ee1bcd6404461088cf520f1c9eb8f5fa57a169ba6346f003f365155e42bc9e5b8e075f7ed9c73d8b5cf364acecd1de6892bbb4607cd2b60e49dd227600e7afcb9e33eb5ef9e12b07bb684490fd9a47390fb36a331e7d30ac79e7a1fd6b82f04786e4bbb981e38bcc886d20aa1603ae31d063d4d7d89e14f0aabf940dac84955da2387e5eabea73c7cc78f7c5672a8a9bb23070bee753e0bf0cc935b0f918e0ed6dcac18766cfbe7d6bd92dbc205adcef45560772e500c7d7a601ff0f5c57acf807e1ac93e9d6732c5b59576cccc3779814af96cb9f5054161fdde3dbdb60f869b614250fccaaf92bc15fbc3d8e38cf5fa03c562d4dbba32f64dee7c49aaf841802b1c4f8deca8b85083ef1d8dc74dbc9c1e80d7f169ff000542ff008278693fb1f7c76f85fe36f867f6ab5f853f1635ebcbdb6d25d984be11d5daee1fb5d95bb2e00815752b536c30a522509fbc31991bfd062f3e1b078e448776646da4c6be5bc3f7558ee07381d70dd377ad7e137fc166ff0065683c61fb37f8b3c61f6bb3b3d7fe17e9b3fc51d1659759bc8ae2f23d1e3372d66ba7f96d0c86776f299cb22ac92c2e41662b1a8d5a94fe13d5c9e51c3e2d2a97e57a33f92cfd94bf66ff001078bb5dd2162f0e787fc5de1cb79afb48d661d4e0927f20473c8970acf0e25b672b20955d7865917af2a7ec3ff82a2f807c2ff09be087c05b3f0fe81e18f0cda787adafbe1e59e9ba5249737b79a69dd7ccb249248cc76dcc9bd59fe71f68881c6d5af9e7f637f89be2eb2f89765e1af0af8def3c1fa7f8faf83c77f63a5e9fab2dbdd4ab1c6efb6e6de61968d571c29dd0afcc3b7b0ffc14e7e17de41fb40f813e1178d7e22f8c755f0e787fc15ff0986b9f15bc7fa7436fe0cb3d52fecfedeba6e9767a7dbc36b18648ede3602392ea47608198a88dbc4ab89ab2ce611ab52d05ef5babb1fb365f86a2f249d5a54fded94acbddbf9ee7eb0fec17fb2e7c12f877fb117ec4ff00b77c7f0a3c376fe35f81be31d52fbf681f115ae8eb26bfe24f0778ab4fd53c3fad6b17a550cb77fd86353d3f5719cecb4b2bd44f99d41fd66f0d7ec11a6a78c74af1969779e13f177846fe5baf12f803c567c2ba1f8a6e3488f560d24d7163a8bec9ec9a459b717b6dfbdbe74939c57cb3ff0004c8fdb13e13dd7ec37f0a7c1fe2af859f112eb55d7752b7f07f8af44d33c2ad7f0ae9ede75935f697a6bb472ea7037950b49069ab7972bf6ada2174def5fa8bf0eff63cf057c3ed1b48f03f837e227c78f86bf0dffb36e75ff0cf817c27e379ec3c31a74375e5cd369b043736f35d69c22219becf6b3c221f31b6046f30d7cc6331553eb127524d493972bdf46ef63ec296070f4b0718e1b97964a374ed6bc62936b47afc91f977f0f3f652f863e1ab6f85ba5ae9f6daff008cfe127c7bf8adfb41eb5aac9696fa87f625adbea7e3cf00f84eda6907ef2037d36adfda560cabb663e0bba65f9a1568ff003f7e2a04f843f05ff6a5f8c5e1f92197c71fb437ed2179e07f085bc164b3cb05b695a9690ba86a2db94974b7874bd41485ff0096b331da4cdfbbfdcbfda397c03fb3f7c3ef1668df0f34db6d36d6d6de4d65c9d4aeb58f107882fd6de08fed9aa6a370f25e5dcd0c50c31e6692490451411218d16255fe4cbe056a1e3ffda4be31e85f0db57d4fc592e85ff09a6b92781d6c3c55ade82d0e93a96b32ea1ab5c7d8addd639d26b892693ed87cacb6d59247c4623df20a35731ad2a939354e16f9fbce7f2f7debe4783c4b8ba594e5eda8f34ea2976d2e947f082fbcfbeacb47b8d53c33a6ea3334b7335ce9d1bdcc93c2d693b4d8512068ff008195fef21c15db8238c578c78a3442e64511636b61582e549f97e63edc75faf7afd4bd57e0741e1ad161d0747d3a0b2b2d32cd6cac6d22b7dd1431c784ca939273fde62cc77649249af8f7c69f0d758b49e746b1ba0a559b33418493e65627a761cd7e8a9a7b1f8145fbcf9763f3a3c4fa43c28e5930a17629db8078e9f957ce9e25b4f2fcc014a81b9be618c7fb39fc3f957e85f8bbc113fd9e64685830180086dc3ea07439cf15f23f8bbc33341e6c6d0b47cb704755f5c77e78ada1248eec3349dd9f20ea1e65bcc577290c5b6b1385239e39f4f6f7ac1b890ba9df9f997728dbc7f9e6bd17c4fa4088ba81939ca10a307ef579b4a5802bb5d5f7ed385c2fd31dbbfe95d77bea8d6778cefd0c5b81c9236e493c2f5ae66fd1be66524ee5c103b66ba79cb8c85da76953b860b636e0d625d45bc06dac3b6301b27f2a0ba4eece2ee236041070bf4c11fd7d6b0a4b58b79cf5f7245763736ce55d81db86db8c002b2a4b7456c142e7192db722836bb5b1fd1778c2e3c2de1d8ae05ede40cf05bec95556304b280bf7f1ce0a9e171eb5f286b3f193c25a74f3880c65bcedd88dd63671955f9b8e785c74e98f9bb57cfdf13bc79afebd793992e6729260850ec01e7f2e3d2be709ed2fe7b869659a67cb7cd82d9ae5852725764a845a4d9fa0117ed0da2c71a810a6470190ed23fbdd06391c7e1cd753a3fed13a4975df13ac6c40caae5401f2fa7b678afcf4b285b8766f9c0f9863007e7f87e75d45a4c5157805947396db9ad3d8c49943ddb40fd60f0cfed31e188163266119886e042e1cf5ee7a0391ff007cd7b0e8ff00b47786b50bd841bb8140da5517665b1c6720704e18ff00c0abf1660ba7c7caeca71b40dd85adab6d56e2ddc3453cb1ba7cea55d837e9da93a1d8e39412dcfea4fe0a7c52f096ae6c217d42d143918025e7d94e38c7cb9e3af35faa9f0e60d2b5182d2e34f8d2e04b184f96405972accbd0640fba73f51dabf889f87ff1c7c4be11bfb6960d4ae1a189d400d27ca0647eb82dd2bf79bf636fdbb6cef2e34cd17c437e6162cb1c33065c97f9b6e7a646e6e99e9c1c75ae0ad4669dce7942caecfea87e13f842de7b5596e228a6989f97e45caaed1f53d5791d7a735f4aa7822d2283cc1091e60fde30191866da3bfb1f9b9cede6bceff6654b2f16f872c358b1b98ee219e012b12d960bfdedd8dd81b471c05e40ebcfdb50e8764b18431ab294c153f28e76f4fc771ebdcd5d24e51ba142839bb44f9447816278dc9b253f3ed6550011cee0a57d82b727b9af95ff006aff00d956e3e3efecedf1afe145adae96bae78ffe176b9e1df0ecfacab1b6d3752bed2ee60b1ba2c149536f2bc7202a095f278e79afd4c974081a4595225dcae5dbe5f9b3f2f1d3bff7a83e1eb01b1d159590611891e613c90597006ee9827b67d79b7453dce854395a92e87f8aef8a34df8cdfb0f7ed1baf7c33f89de0cbdf047c53f853e25f2ee7c39ad28925d3aee32935bb7988db64867859e48e446daeb2a10c7e603d9be29fc6bf8d9fb57ea1a0eb5f106e350bcd2b50ba17160b63a34c7cdb9458cb2c16b0c782e238da15f2c6edbc962a37b7f4efff000786fec51f0efc35a2fc00fdb5bc142cf42f88bab789af3e14fc40d2608a517be34b28ed7fb434fd4d5c31488e9cf1cd03e02ee1a9438e53e6fe68be0578aecbe36fc28f00785b42d4b49f0978f3e0eddc93a26a770b636faf5bdc5c2c925c8931f332bb4ccd1f2e7f84700a7999961a95384719085e5b3f23eef21c6cb110fab569b8a7f653f89ab1f667c25fd90ff69ef1b69ba3eb1f0feefe26c115b68d6a748d12efc09e2061a1de2dd4d70d3e9aaf6eb0ac68b245fbe5c31370e36a967afb9ac3fe0a21ff000510fd923c65f0fbe1efc6eb9d53c4da07f677f625945e30f0ac9a7bf8aadd47cb716f70e0abdd447e5dd0b162036e3591fb21f89ff6e6f16f8e3c13e193fb41695e15f08c08b06a16936a525f6f820906d815a389d5559268d002df7b206e2ea4fbb7fc168bf6abfd9efc07f053c1be0ad26fb44f8abf122d350b7f15785f5cb2d5acf57d4b42bcb5f3160ba6bb88347247b84be660b2b324602e18b2fc94e557138ea78454d54e6eaba7ccfd0713530787cbe58a839d2b74935abf24bf0f23e5bfdb03f6d8f15fed29f15a2f80bf03ad2e357f88bf15fc7307c2cf01c37b0c71b5a36a0f0dadf190a6fdd1452ddab4f204db1c5653ee131465afd5aff82787fc12f7c6ff00b235c6adacf8f359d235bbd361fd996a343b530e99a8b2ee85afa79249e67690a332c6c91db22ac92036fb9dd8fe0bff00c1127e167c47bafda32cff006d9d63c397baddff00847c7763a078474abf8dad935cbed67747afdd7cc5d91e2d2e692691829216e9650d95e3fd02e43a5f8b3c39a678874d04596a762b7b109658ff00d18322e619940c2ba36e524646e53d6beb32fc050c1e1a70c34748cb964ffbdcaa4e3f24d1f92715e678dc5d5a2b112b4651738afeef338f35bb3b687e6778ebc1502b4ccb092a4f96c8a8a9b5b2dc2e39191b86d1fed7bd7c63f107c0f69776f3a34118b8438646601bfe039ce7f0c57eb3f8dbc391cd1cb1088f9acffbd057081bf87e6ed90c7af763d719af897c7fe1a6b637d1c91b46c2452bb0727ef2b0e99c67b81fc23deb78b9419f250dcfc83f1df83a1449d3cb56327ce06ee4e06ef9b27a1ef9ef5f0efc49f09c6a2ed42c433c0451b9d3e719ddd8e46315fac7f12745313dc20858c4bb95519707a633b8f3c8653c7b57c33f117c2cbb269bc9655076b9dbbdd797efd33c74f6aed4ee8eba567a1f937e35d0f648e36499e4e1be60b9dc78cf4cf26be7ed574765b872aa492725557e6f4fd2bee9f889a4981a4fdd6f5cec4f93ee63e507ea40fe75f356a5a647e76e2aa08eab26e6ce7e9cff00915bd2a96f759e834aa46c7874fa33ec6c8c9f97001c11fe7915973e8cd8cb0e7ef91e9c0eff00e7ad7b43e968df3afccbbb0240386db9febc6315952e8e256241051576820e3771fafd2ba134f608c545591e233e90766d084927712a7af27df9ed596da536e384057f849f98fe75ee7368b1ff0012eef9b39db9c75feb5992e8eb1b605be4150c085600ff009ff1a651fd207c76ff0083767fe0a37f0e12fb54f0ff00c37f04fc6ad22d11a7b8bef83df102d35495e35e730e9fa90b1bf99f03fd55bdbc8e59b80dd4fe2c7c5ffd9bfe2ffc10d7a4f0cfc5df859e3df861e228c30fec5f881e11bff086a4547f1243751c6ce87aabae558608afdbbf833ff05c6f89be11b8b45b7f1bf8b340b56650e2db5a9350d3a36eede4b92ac0fd081c1c62bf587c0bff0005caf017c5ed0ee3c01fb457c3df84ff001dfc017d2ac5a869be2cf0f59dedadf2a36d4692d67496d4b11ca974241607762b939dc57f29c8b15a5a71b7e27f0f234b9a35451005d8adb891b598363e6f6e98aa4d6cf0b61c6c2bc12e3053ff00aff5afef9fe227ec4dff0004d4fdbdfe162683fb295a7c12fd937e2dbceb7766baafc1cd27c45a46b7242dcda5d481e0ba55973b7ccb4bb8e4519610c872adfcae7edfbff04d7fdb0ff632f103de7c6afd9ffc39a0780fed220d23e327c15bbd5bc55f06fc52242de5c925d5d4d3cfa7cec785b7bdfb33380c522600b36b1a8dbf2358d5f68ad1d7ccfcc08e427850c71fc4381d3181538b931f24b118e41186f97ffd629ef6937cc086055b38032460fae7fce6a078c82320e7a953c13f856c632f7b62dadc9cae7e53d7e6e7fcf3815ec3f0c7c69a8f87f5ed3ee6dee278da1b98df894804eedddfbfcaa3f1af12e576f2595795c73fe7ff00ac2b6346b830df5ac8321926c825f3fc5dbf2c529a4e044e2f96d63fd23bfe08d7f197fe1627c17d2e0bb9b7dd4100b76466dd2ee8c63e619e806e3ff02f5afdd382301002a3007031d2bf8e7ff82187c626d0fc306c6ee68edade39a4324d7572ab0428df2b348cc4281ea781c0afea5f5cfdaabf67bf09404f883e30780ece7820125e5a5b6bb1eb17b6bf2a96f320b632489b7773b978ef5cd84e552927a0b015631728d497a1f43108a3a8407d78af15f8f3f1d7e167ece1f0cfc4ff00167e2cf8b34cf0af843c2fa6cda8dd5d5eccad7ba8bc50c92a5a58da86f32e6e6629b6382205dd8f61961f89bf1cff00e0b6ebabf8fbc53e0afd94fc2de12f127837c0d37d8bc47f1afe218bc8bc337f78bb566b6d26c564b7695236923592e2493647f36e50fb2393f9abfdbf3f68af8b7f19b5abef127c54f1b6b7e319e65682d6cf5cd4c3e9b686ebc968e2d3ac230b05a5ab482d43ac31aeff00263631b172a7594e3b2d59d15f17493f6705791f697edb5f133c45ff000564fd98b5ef14f89aeec6d74ef1a45e24b5f863e134b3f2ad7e1e8b1d5ef34bb38777c924f21934892496e9b066fb4040553cb55fe196ff00e03fc7cf863ab6bb673685a9697aa787b5a9342d76c2193c9b88268fcc8e48d90800ab2ee65241dc9229c61abf71fe337edc9e2cfd9a7fe09f3e06f0afc3dd7e5d03e37fc44f897e2ad134cd4561171abf83f41b7d62e6f6fb588c480f973c936a30da43232f06491930d10c7cefff0004effdaf7c2d0789fc64dfb6af8f135df0f691e188753d2bc5de24b19bc45f12b51f32495bcb172430d4a24566dd15c97b865f2d22904313475d59a29c30307838dea28a6e3fcd7e9ea4f0fde388a9533193f632968d6f17fcde87c89e13f89dfb5e7882d341f0cf82f40d66d035c8d3f4b9ececae4dcbc93332aa0951bcd97919eae30abbb9f9abed5f83bff04def8ade2cd7ec3e267ed3cfa9681e12d32e6df4eb2d3f5fd3ee27bfd4af2ee78e4b7d1f43d1032de6a9772cd3797f6748e10f331c4ccea15bf76be2a7c72f84bf096cbe1d45f086f7e1ff008af59f1dc1672f812fa4b0b01e1b9e3d42dd6f6df545bf962df05b476aef2cd3c8ca238d66665f9323f20be31ffc15bbe2f7c3ef8f1a1f8abe0dcbf0dbe2d6b1f0ca65b8d3bc6fe32f0a5c7887c25accc61b8b7bc8741d35a58469fa7c893451adf22a6a5706dd648ee218246b56f91ca56619a5494a14d61e8a95a73b5e6bca317d7f05af53ef337965f96420ead5788ace3784399a8f9394ba47f3f4b9fd5bfeccdfb31c3f00be1158add7866c7c39af6af60a967e17896d7cff0007dadc2c6b245792c2ab14ba8cfb95ee9e1fddc6ccb1461963695ff3e3f6e7fdba758fd8d7f681f82fad7c32d5b5293c5567e188ee3e2bfc3e9b50922f0878ebc3ebaa35be9315ddb9dc05d386f1122dcc71b4d1b4568d8d88a17ebbfd847fe0a6df0d3f6f5f08c5a36a7a54df09ff00680d17468afbc5ff00057c437eb25e4d0c912b2eada0cec89f6fd32412c244a8bbe2332096350c92bff22dfb727c7f7f8f9fb577c59f1be9d7925cf87aebc4d3681e10759da7b65d1f4b09a5e9b3aa6f1b565b7b65ba65071e65c4a491f313fa866185cb30191d1c0e022bd9b7a757e6db7af33eef53f26a75330ccb38ab8bcc5fbeb7e8bca31b68a2bb2d0feebbe0afed61f03ff6abf0869fe29f84be2bd32f6eaf74f4bcd5fc09aa5cc361e3bf0abc8aa6486eb4e0e5b09f2a2dc43e65bc9c98e570a7195f13ed127b77952dd622af92a5724f05b1d3247cd8c8eee3bd7f187fb3778d3c4fe16f1068de2bf04f882e7c3fe20d0eee1bfb6bab3d45b4dd4b4f9bcc850b670a0c7ba464649015752e24523706fdb2f859ff000538d42ee47f09fc7a5b0d524b07b7d3ee3c6de10b65fb7c3f6a6b8fb35d5e69b1f0e8caabb8c11c720113b08a43866f86ab4ad2f7763aea5294247bbfc40d3817949532ab3b285db9c64b73e9d36f1d0ed03d2be0cf8a56c024bf2ab2e5b09bf0ca02b9638cf51bb8e839afd06f117893c2fe2cb2b9d43c35ade99ae5bee3bdb4dba595e0dcb9d93427e789c0eab2aab039c81cd7c05f166ee30d7bf297efb4ae554e31df8edd300538fc23a37e7ba3f353e286165980e8cc4139cf7f4ec7afe7eb9af9735184091dc6c001e51b237727bf7ce2bea8f898e269e42d08460df2336e3bb76d6c9edd0af5fa76af97f517dd26155950b70c0ee07ef7af2718aa5bea7b34b67731ade3577b88248d32910b98b6f50bbb6b617db7039ff6cd4234f31afdd54dcdf74640fc71fd3348e66825b6bcdae8d0cd8181f36d6057e8463771eaa3d2ba39e1dac3747803e50092e4f43d7d3a56c9a56b167332d9c6f1955d8548cf4de1f6f185f4ec38ace934f899b2f95eb818c0c6e3ed5d4c906e2adb7696f9470037d578edfd2a9794a3209c9f53f27f9e6ae33927a88f2af88baae9f1695717565a12699ad5edd436f677b6fa5c9a44924924b96666555128dab31dac79da78fe25fd43fd9c7c33a5786ff646f8bdf127c74f0fdab59d1e1d0f47fb4d8c6e977e45e47a847ba2c7cdfbe8b2ccb87da4aac8a09afc91d7bc3f74fe3fd1fc28ecaf2d8c8b7b71122465d1a5fddc51b28ced650acfb4f3b65078c9afd16fda3fc649e18f82ff000ebe08e8b707cebe8a39f57b785b2eadb43392a3803ef1aca2928289cb8849b8c7bb380f833fb737c62f81faa986d357d561d2ef9b7595bea8ceb1de5bc9fbc8648271c64c6ca78f98770b5fd0e7ec51ff0005f78f4cb48fe16fc7eb3b4f893f09f5eb49348d7fc1fe378a1d6ed27b59bf77342b2ce1c490ed6d9e4c9942140607ad7f257e22d2a47b3d2bed71235a2dfc7079063cc67f7327f0f4c63728e3bd361f03de6a5657177a0dfb0beb799a116324de5cc55638dbf733b1c96c9e2390f4ff009683014eb09c1c798996175e6a4eccfec8bf69aff82497ec89fb6e786353f8f7ff0004aff1af86f44f1bcb0cdac7893f654d6b598f4fb1d45b89a64f0eb48e4d84c0f4b4959ad1f80925aaa956fe5c7c77f0c7c4bf0f7c55aef827c6de1cd6bc27e2df0cea32695e20f0e6bda74da5eb7a45cc3feb21b882401d5875c11f7718c8c31f973c03fb4ffed37fb2bfc42d1be23fc2af1d788742d5fc3778af25bc37735ab49e4b0dd1ce80824023eeb72a5735fd38fc38fdae7f661ff82e27c3bd33c2bf1a66f0ff00c15fdbcfc1fe1e5d3bc21f15c886d2cfe22b44aab0e9be205500dcc4c76ed9bfd6c4cc5d09dd2472cd49558ae6e844d57c3ae696b1f23f9f0974562e2348a4dee54449b58bb93c05e06727dabf49bf677fd9c3e12787edacb54f8c5e1cbaf13f88997ed96fa55e6b5269fe1fb1b8425459dc25bca8cdb59903c8f27fac236ac91a626f0bf893f037c71f02fc7de31f047c5b5d63e16788bc0d033dc6bd67a55bebb269f34bba3d3f53b28dde34b9b6dcde709612cc618e4655dc8ca3e3bf1a7c0df8c9f056e60f893f0d7e32defc6ef0732c7aa78a6ff4bbb93547b398fef1a7b8b7123491a87dbbbcc55203e32df31539bdaab5ec297efd72c2563fa6df871f13fc01ac69d65a6fc2bd2f4cf06f86748d5aeb47f10e87a5e9f6fa2eada7ea5a7f996d247716e8771479edfcc8d8829e5afccd9251be63fdb0bf69fd47c27a0683f0afc2fe2dbdd23c41f14bc6d61f0fedf5bba56dba4c3a85f5b5b7da5a1f395ff71138924899f9c85574dc057e40fc14fda5f515f8c3acdf09b50d3a6f889a259ebbaf584636dab6b3a7ff00c4be4bf8e1fba0bc2ba7874fbc0ac8db976ed6cbf89fe24d47e287c79f07c86ea37b3f09eaf7fe37b5881f2e1ba5d2209e48994e48dc1fcb893e6dadfbb0982cc464a8b8cbde396385e5ab6a9fd687e95784bf670f84bf01eff54d43c37a86afe26f1eea50b3ea7e3cf116bb792ea115c4c26135c4164b2fd9227593ce45716e85cfcad2b4818b783fc61f8836fadda3c1f69b9bb9fcf59a2bc1ba486e7fd4c924867fbab1958e320a6011236d283ac7ad7c643ae598b88ee6e2e23bcd34f9aa91294b658d8de1f215dcac3b448ca0ab36d5cec311dc4fce5e30d505ec97133477ec184c4b5d45f64bbb94699847e6052f978a39a30a1be66f2dbccc993755c2326f52a8d2949de7a9d3fc62fd8bb59f8cbfb1d780ff00695f05dc4373ad787bc65ad7c1cf1b68b75266292cdb5a8ee34bbeb7906e184b9f105a8957eeb458752029ddf8bde1e826d1f5bbbd2b5cf32ddf46b79b4e9ad5cab4b0a38f31a163cfc9b959b1c7de704e1c8afecfff00e09efe1fff008599ff0004bafda774c6b78af6eb40f89de28b8d3e378b132cf1f84743d5a168d7ef86f3ec636f9be6dc71d0035fc9bfed33e03d5be1dfed05f12ad52cd196efc697163e1db6926f2e631ffae4b865ea0793b9d1832eece4e57ef7d2e2e8c7ea546b2d3dd89ae5d8aabf59a987ecddbe76ee75377a978abc476fa143a9eafaff008a6f3ecd6da2f87f47d4efae7569edd5d563b6b5b5899e4603618618e140723185c322bff5f1fb247fc130fe08fecb7f027e1cea9f1c3e1ef877c5ff00b42f89523f88ff00116efc45a4c7a84be0a86644b8b7f0fdac326e8e368a18d239e451fbd925b81bca08547e35ff00c114fe00f813e2efed9ba46a3f157525b9d27e047c3797e34f86b47b4b5bdb582fbc41a5df69b0e8ff006b9236e218aeefa1ba78ddd5257b758f13a4a124feaabf686d525bef0015b691ef3c41f12fc7da3f80ac353dab1f9b25fcf0c6c6319e1228db2001c247ebc8f6386b0186746a63aaae695d455d795eeae79bc418faaaa47091f76caf2b753f1c7fe0ad7abf84fc39fb2bfc2df1d181746f8fff00123e3bbf8bfe1678ab41bdb8f0bf8afc17656b0ecbcbcb1bab5749fcb6d3e3b1b2641bc05d40b85665da3f996d3ee7fd31aee758a48964cac6558466393e55db8384dc403b4374ddc640f33f587fe0b0df1bed7e277ed5d7df0ebc2d335c7803f671f0c45f08f49b08ee6411adf42cb26b0a154a8005d37d98673b92ce361b5d4337e56da5acb11918b473a4e8cfb664c346aa7bb12598aee650aecac06e38cb3b578b9ee2157c7ca31f863a7cfa9df965274f071bfc4f5ff2372c753b8f12c379616dacdcd8e973db496a9aa68b7ad6b771caad1c7234122ee04abe14a9c8f914614edd9a7f0534fd4be16eb9e3c8f55f1136b971ae496323dc3ddccb7c61b53e742d70b2644677cf2704901e1c076e73cd9b3d0bc2d9f132dc5fe9f26cdd77671cde76932cc1542cd242e72b20dd8122ba890b00ca0e0a793784fc4bac5978f60d6b5959e35f121516492c9cc11da3c3f6711e4e48449081fef1e006635e334a4accf4796528b5d19fb9fa17c5e9ae443a9e9935c68d7d6b6a58dcc57925abc5ba3859bcbdb2027710e8c3772ac03e58b2b43adfed2f1ea5abc1a25feab63aede4b7325b4cd6f6604f20568f2c8f1285320462ce190615b77cbb4d7e77cfe39874dd22496e6e242b15a347121ba6905c0923f95638d4e1010bca11e9fec83f3aa78cefa3b3d7fc5714f0ff006d6bbaa496b6288e5a4d2a18e4d8cb1638d8cfb918b1691fc956dcbb9b7732a2f66610c2a51e647e9478afc6fe17f104b716963a8427558d5bed1a7c80a4b132bb6e55071bc630c1949c8cf1f2b63c22e8cc970db54b1ce465703f8bdebe36d07e2169fa46a706a7abea7adc4b6971f6f92eece759bcb0136ec309e1f784d84614e5410776e6afae745d7ecfc57a058788b47498596ab6bf6a856e230b344199b7061961f29523838e847151521c875534e31b48af70eef21495cbcbca8440c507555f97a0e4568477d2dd284d8ab3452f94d95dca7d3bf561f9153da878d16347e4104798ca76b21e33ee08db8cff003a7c311104d731c6ee13682ec8bb1faab1e9c361958e31f89a8bb28b8db8aac52c7e5f473fc3b87b3138201f4fc7159b2a386c1da08519f30658fbf1ea39ab02fa49a54f3a4550bb8a468be5805b24afe24fe153cb149bb84590119dcc30c7bf7a7cd203c17e0abc9ae78f2ebc57ac4f77aa98e45bd9751d53f797b710dba086169bf877948d3701dd78ae0ff680f889aff8c3c6977a8691ab4b626d8b4314d0bbc4e91edf2f6a956c8e37719ef5b7e1dd6e3f09783b54be0abf69bd4fb2da12c198a85543b7071d81e9debc0353b8692569a76df348a259083bbe66e7f4e95d7cbef5d8ecb9f997431db5ef1bb6c12f8cf5631a12e2379daec839cf49198647ae3f4c83f487c25d7358834cba9b53d4a4d42e25bbdd1cb750451b46b855c05455182573ce4fb8af9d618566721b90476af70f0ac9f67b1444e54b31c67a77fa7154e316ac394928fbc7b66bba2e99e30b52974628b51116c8af9d389157eec737765c7008e57b10372b7c87a9e97e31f83de2fb2f1af822f2fb42f106877d1df24b61234726632d247b4ae3703b59b2301829239c81f475b6aec9b1559810b92c0fddfd78fc6a7d66decbc4ba79b3bc08b3460fd9a793a8dc72d1b32fcdb18ede9f748561c814fa58e653e57696ccfaebe35fedf7f177f69cf865f03356f1c6b7e018b53b2f01cde0ab8d0be2a68ab2f85fe21476fa85d471ccdac0db3dadd20592347dd18c28f9cfc82be6a87c39662dadb5df03ea5f11bf67af17c65e1fb0de6b536b5e049a68f0561b6d410993ca711b36e632eedc1b70fe1f9e3c63e3a8eca4d3bc37e2df85329f0e69be1fb6d1fcff00046a4da74bab476f03462eb50b3ba86f2d5e62c14bdc5bc70799b5c87cb075def01d8b6976777ac7c1af8ada8e8fa7dd41f66d5bc27e39f0e4b75e1cbb215655b5923cdd44d192aa9e65c089432ff0a9dc3354a2be126346108de1a76f32af893c67add8f8ebc137de32d274bd3fc5b65ae5c69175af6896eb0e85e2fb7be85bccbad91a8883a4d1db92aaa3fd773b81c0e9a4f175fe8de28f1b6aa2e6e606d1fc1da5d8c30c1701d618ef2f0f9ebb5982e588806d3cfeeb19038ae1fe2addeb73f8626bbd6fc191681756f2c7aa43aef8665fed7f0149711bfda9a185a30e2da7916161fba668154c89b1413e4f3de399ae25b4d5359b1585adfc4de05d3658aec45e4c52dc58eb16f34a87070a4c52296e7185f98f7abe54e2ae6d15cca2e47d5fe04f17c93786ac03dc3b5c443fb2d9a33e4a2bc2b2d94ab1b05c2876fefa9c024050595459bbd6659ed9a472d2103ecceb2491f991f92ab911a2004fcf1b06272a7cb5e31b837847c28d5bfb4b4fd5bcbb7b7f2ac3c537505e249958d627ba6ba91d9b82702e9b0370dbb724a8036f7d3dd4acbe508d619923c4b1c526d6475b89a14dab92a490c1dc956c8dfca86268e5e566728f2cac8fe99ffe093de3db3f047fc137bf6f4f15ea918b8b6f06f8cefbc42c1be549964f0bc2bb5946dea136f4c61bb74afe59bf691f10c7e2ff00da0bc5fab6a105e5d5f4de2558ac2e5eed521b7b45b4b5b668f638000296eaace782267dc76fca7f7fff0060bd7a54ff008254ff00c152b4e6b8796783c10baf88443e5491a9f0beb6cd92705805b05f6f9030e58edfe65ef75d6f1378faff0059bb6ccb71a8f9a0a32efda15154853cee091ed56dd9eea0a8655f6ebd56f2dc3c3cbf2387034ffdbebd7ecedf958fd69ff82657c5cbaf83bfb757c22b9d4e7b9b2d07e225cafc31d5de4b8fdc4d1eb8523b08e504f0a9a947a4b331c6d3192cc58be3faa2fdafbe2c697f087fe156f8a75648df40f803f03fc55fb4b6b166c9886f753b3b3b5f0d7866dd874cdcea5ae32a03fc5103c6003fc39a5edcf87f5af0bf89b419a44d53c397367ade99a85a3e5e1b8b1921ba8665c7ef23db246bb4e091b507cabfba4fe863fe0a75f199fc4ff056cbc51a66aed75a77ed17aff863c23e10b7d1dbedf6563e13f00d8cdae6b7e58c619aebc41e23d1e663d0ff0065c4aa576a327a79463551caf114a52fe1be65ff006f2b7e0d7e271667858d7c7d1add669a7ff6edb5f9afc8fc12d46eb52d7ef753f126bd2c9a86b5e22bab8d6f5ed66fe55927d4eeeea469ae6e0c6406662cd33177cee6e0b611c0a4851ddbcb40000a2508caa5597e6546cfcdf29fde646497e796dcb5aabe532df79135bc71c02387f7f731c735c2336d8d63765d8c58ed7911ca247b0091230ceb1f31a85ec36115d5d34064da990d7770b6ef71bfe6f2f2577b6e73f30dd9db19471c2b57c97339fbf2ddea7bb05f60e775ed4d758d5ededd7ce9f4bd26e23b9b8596412aea33b7faadd9c7caa3e7c2776c63a0ae2be25de99c786b538d63826d1f5380f9896ab1bc90b2b4526e395c80b24240ff00a66b8e00637aca19d525924dd2cf2cab24fb7cc579e6662dbbe6504b317c8c677088e7a7391afbfda2cd61918c83ed2b1c1e65a9caa6771f2c61783ba3c9e4fca470283549c762c7887c41a96a1a495b7947da7ca5b68f0aaa51999d19b8e3728dee3e6dac40ff0074f342de38ada28999a3b4b6b768ede20ee10ed756c6ee4633b87a803f13759043a7598611b34b72b2bc6c01036b7f11ce0e7cd646f9bfe599e959b1c964d1473df5cbfcc24f2a37764863db2e36b0fe3c9dc494e72d9cb0a057d6c63de471ea67ec504714d688cc2e669148b78163693748c49c13b57e51dcb0ed5f6e7c21d62c350f03d8595a82834a436aab22a879616793c998a2f003ed6c7af979af8b19c6a2eba6e991f97a4c7f35fdea5b2c31cc15995a18d7ef16693ab0daa3bf50a7ddbe02dfcb06b3e29d39da5960b98e19e628b9b4b4921664481549c8dab382c318c10401c0acaac6f119f4a484090a3b3282c4911c7dff008719e33dbd3ad541a9cc4496927daa18222ca021c5b90fb5646c7a10b8507a6178abf336e8d9959811cb363181fddf6e554f35585ac9343700097a6ff32346700863f2ed3d78e78c8e2b9a2ecf50326ddda0252462d223728480aadc8e31eb8fe7ed5ae2f86305a6e0003ca0027dd1d8f4ac2d46d64b66449498e4c2c87276823ae3d7fefaaa7bcbf3f687871c140571ebf8f5adfd929fbc87b6e7c85e24d61ae6f34cf0fc4e82d6c97cf9d474da9866fcced51ed5c6de379b3b96272cc0ed19f5cf4fc5aaae8f7125cff68ead3677dd4df6681474091e377fe3dc7fdb3352b00c598063ce727a0adc3665fb0440c0fb761807ff00af5e9fa64e21863518071d09f971f81cd7995970dd7b7ff5ebb1b598841ce7e7cf0719e0d029b6e363bc82e8290c5fe5cfd48cfd4d6cd95e8182321cf2a08c8ceef96bcf12e39db93cab6149fc715a7a7cd713dd5b5b43f33cd32410a83d5999542f033c961d3d68396716cfb5b5af09fc63f0fcba70d5b57fd98bc21a1cf6900d274fd6fe1fdcf8b2f2f6d88876fda7507b3b897cd2a369db2e72b284c6e2ade7922e91672ddeabad687e16f0d1b7b9b7b7d47e267c20375aa7c3d1248db153c45e1dbe0b75689316c0b845488e4c62390e56bf49fe1343f1ca5f09e87a526b7e02f16786e036f6e3c27e34f0f8d46daca18d9f6334d1069549d9b36824868d46d6757ac4f8c7e0fd22e2daeb5ad6fc03a4e97aec1a6c5a6ea9a6da3c326a5771c9034932da5f2bac9751b46cd8b49e19e554f2cc258edcf3c276d8c29d49737b3b1f96dadd998a69ee34a86cb6dc402d355d1edc3cda55c799185171187eb0bb06758db3b1953ef46a218fc945929f0ff8af40b9d399a7d26cb51d2b4e5cfc9146f0b3da7eec8fba2196dfe4cf1b07652adfda15d7fc13cbf645f889fb2ffc1df08789f43f0bdec7e14f86ba37867c19fb4cfc02f0dc3e07d434cbc9a348e2bef1169025997528ee27642f36a9349e64979224525bdcce5d7e48fdb9bfe08cf71a1785c7c49f827e13d23c35e25d0bc2f6ed79e1df04eab75e21f09fc57b7d3ece3864b8b5472d2c3a83c6918756726470a19199d6e4f8d4f88b0539c694f9936edb69e5f79fa162381337c1509ce528be58a92d7e2d2f2497f76f6f3e87f257f00b55b6bfbdf16d8dea38134a9aa44561f3dd59893249b7961b563ea01c024f6afa47539e589659acd65f2edd64f28826572aae245ea15721643f230208e70b9e3e39f8626e3c2bf152f341912e03497b7be1c96de36686f1648e4915576e54effdcb2e0ff7f903b7d757c269add24f28b34b6a0196da313249ba3910379880a860db8390010df316e3e5fa39fc47c6d683e63f6a3fe09d9a9ade7ec2ff00f0550f0ef9f1bc1ff0ce579a8c508b85bb8976f867c690a9e9b480cbf2e09e1b0073cff35da1f9635682458e5db27ef583b79b3a17c2eec9653bbe50d92423141bb3bb11fee7fec23e368fc2ff00b2affc14b6dc493476fa97ec65acdd8328d8d712ac3369d0f5e4869356d983c8dd8e722bf0ef4181a2bd8652d26300b32910c7232a96eb8c71b17e6273b5771c05568fb6bbe6c161e31ded2fcd1cf97354ebe21cd5e3cd1d3bfba7d3d35b472d8c1266091a58d617956d9a3842edc2a9193e6636641182a14e4484e53ea9f8c7f17adfc71e1df80be07d2750b797c39f04fe01f87fc0f6ceaab718d42fed9357d7a7888ce66fb45f47a6becfbc3475db83b4b7c91a8df0d2bc34fac90d70d6da3cb280e91aab8863dccb838c0e146d2a4edfa461acf87ec8693e15d074e32192f62d323b9d45a498c4892caa2656703e63960c571952b8c1dca4d72a9b85174a3a5ed7f97fc1d4db11454eac6b47e157e5f9e9ff0000e9ee9a56964b7452b7053799e598c8f16073d0f458f70565daade6338651e6435e75ac3bdcdc792223f66b766dbe5ba0b4926e374653ef16410aae58b6189c650a1ae860966f3ee269da36590fd983821636659bcc924f351429dc164c1c6e23732e7f788116d615885a082ee797f771790c7e75cee6da5c6d2f93b8951d0b7dd53f35644c62efa9cbc605b5a97b44983b448dbd61cb2a8859b8ec0ee6cf03eef0307af2b7365aa4c008ed2464d8d0c25acf7432292a81a30d84c15ddf77fe7a3639aec6fadad9d0ec0f22aa2ed0e19a5b82d891b69218e73bb96e486238c95ac7d265b7f2600f1c892baacb1911996368e3f31e4dd839ca28cef00fca5f9ea68357fdd3cd75a06ef5992db7c8965631436b1c4b137d9a493e79659195861864b2a83d572464609b918d12028b35b44f35cf96d143246d7576577eec3273900f3f37431a8e78158368afabdcdddfea17177059dfdcbde411da48b6f7522c9e63246bb4eec0da01cfce76f1b79aec2d8c3a75b47fd9da43421a655dcceb0dccd379059449b98e49dcd90e3f8547a9a0a7a6849771df5d5bdc2db456fa6db091d8c9bb6ddc6ade62f0a5f7703cd4f98fdd61942c769e8fe0bea223f1c5d69168b37d8a4f0fcb132c8c985f2a6597cc5652dbddccdb8b36320838caa83c3ea571e23bb59561d2ec6d6084f025d414b2b2c316e2caa849276e582fca1a661d14ad5ef85d15ce97e30b6bcb9953ed135a4d12b408238563f2d891b719392abfe19149abab127da92dd3ac9e5ef090160665db9f31791b707d9bebc56be87772c90cd1470c65582ad8cbb7702c19942b2f24e791935e6b2ea6e638d51815eacac72461bafe8bfad757a0eb17692ac90c30981a2daf82065d5ba86cf1f7437fc08d66e9c546c0f5d0d3f10dade116f7978891dc4e8d14e8899c14da37119ee1bbf4db5c6bbca0fcac71f504d757e24d6127b44791899125dedcf0a0f53edc7f2ae2db51894e1f6861c1c7ca0d553d80f8de3b25b1b3b6b35607c981636900c091872cdff02258ff00c0bd2aa08b83b4104fcd8e84f35d1de40ccccc7239ce48e0d661b590e5be638ea40e47a5580eb556519c004f18eb5bb0cbb50f40579076e2b2a3465c7cac720e0639ab00b28009fa0a00d549d81041fbd8386c60d6be897061d5b4f7cb3ecbd8652be66c57db2ab7decfca7e5ebf4ae68393b70390bc83ce6b42c1f1776992428b88fe6ce1c7ccbf37f33409a52dcfd55f047c5af1dc9a15d43e1df16e97e0af0ee8b6ad7ba95e5dda5c422385a39216693cb460cce5950a48c13e648d6390aae7aed3be285bf89ede1b6baf8603e2a5cea37175369de286f05c3e0ed2f5110c7b667b3d52e6f52e26208df9db16d590ee8c85629f9e33f8b6d3c1ba6e876fe24b8b7d6a1bbbb5d634cf02d95cc911d7b5168da1b59b529437eeaced836638d24595cc93166851564aa9e3bf8f1e2b367a5d8697e21974bbdf196a71e99a9788a3b67d35a0b55999e6586109fbab48b6fee614552140768fcc622b0e56a56e871fd5a52a89db43fad3ff00823efc59f0b69b63f13fc06757d5acfc4d71e283ade81f0efe246b3a6f887e125c684da6c31ea9a2ab2daab2442692f9ee774b3c6b15e5a00bb4c9e77edb693e2bf0aeb1e1eb4baf853e32f091f0d788e76d3aefc09aa6b50eb53782eed5a6b7922d36f04ac2e6d3cc568b679cd24457e592685c791fe7316ff11356f05693178734af12ebed6dae48b75acea5aaea53cd3ea6d1bcdb66791a567448c79922daeedbe636ec6e91997eccf867fb5d6b7f0e74cb5b5f036bfaaf866dada3f35cf87758b8d3a6d4a644ff005b752acb991812b962140dae022852a7e7717c3fedeb4eb5295b9b5b5b63eff05c67530f87c3d0c661dcfd9c7979b9b5924fddd1e9749db533ff00e0b8ff00b1e8fd9cfe3e786ff68ef08f864e87a17c57f175f5bf8f6db4f429e1eb0f14db182f24923080796753b69e4b929bb2cd6f3bb36f3201f9f4baa8d434386ffef477f6e66bb912f37e0ed59b2c24f981dbb896395906546193757ea97c6bfdb33c51fb5a7c3abef84df1e3c4779f11fc2bac4b63ae9b4bfb1b7b7d5f4eb8d25e65b192d75048cde472a09a64dde602c2594319159947c65ff0a1be16c3a2ff0065685e26f17e89692c5f6788ea7f66d6e15de8a4a2f971c5bd0fca4397fe1cb6fc963ed60a188c3e1214712ef28e97eebcfccf9bce332c1e3f192c56169ba6a5cadc74b26f7b5ba193f0bfc6cde0dfd9cbf6c5b3df1a49e32fd9d20f0cc173e622b5d4b278efc17be2750157e6b5370015500aefc64e73f09e9573307b064797cc6914a168a462d829b410087018aa9051924122e576b8e3ec6f12fc1bbf1e05d7bc31a578cb44bdb9d4f4eb58ede4b98eeb4c95e386e2cef6459a35122a266263c96059403c90b5cf3fecc7656f0c57961e3c36f6ed6df64bd8a4d1bf77a84df2ac9e5309976a3860e8240cc114ee0c0aa2fa4aba9d3843b5ff0013cda6e85353bcb56ee79c78a2e925f0e69ba71796d06b1a8d969e607988df0bb2cd2334842a9511899587dd5590922112346dd7788354f2ee2345836b25bc68615f9fecacdb51b8da19f002b63381ba4cae551874edf06ee753bdf0e06f15583dae95772c84b4371996411f97e66e2495e26f336a16cc614ae4ab355ebbf83d729702f57c51671c11fc91bbc7240f6ed336cf314fdd6f2c32be0619b6f3f78ed55249cac84aaa5bec79a59cb24f35c5a379cbfd9f7114c200e05ddcf9d6cb70b2c992492ed74817cbfbdb171bfeed752ed05846b125c2c4ed197686ed7c9122c716d919554b609f9d70aa46626fbd9e3f637c59ff000404fdb67c07a4ff00c2477de31f82a5b5ebeb4d3ed74a8fc59ab5b433f99a7b8dd24874e45c9fb1c8ab18c7c927230368f9c3e26ffc11dff6e5d2fc2373ab2e87f0fb58bbb38e4d574db5f0f78d825fdea6d5ff004758ee228a1ddb77008d27518ddc8ddc98dc5e1f2ec4fd531d350a964ecddb47b7ea76e070989cca8fd63034dce9ded74baadff33f36754922f3a55de842673751dbc70219238fc9f97a95ceeda3a641ce46d26bcd3c59a998743d5121109bbb947d3ad2241b0dc4d32c71232b392708256740725963dc5890c54f88fe07f8b5f0ab529743f89fe06f14f82f5681e48cdb7887447b312bf5692190a98e4dc56321a32ca428238201f08bcd72fb5af126956115cbac7653acc5f7b224d2a976f35b25bfbcdc927ef372739ade128d48f3425714b0f569bb548b5f23dc3c3da726956967697570d7529452d3a32459dd1310515987002f03ae1b77d35a08db57b85f224d4d10a2acaf15e2470ed2a63f99d87193cb600f995786e05725a35cc171be5d4199ada3905ba6646549a445c31584bed015bbaff1679c66bbfb5bdb99e2b6b6b5fb308e6f2e30403b82b2ff000c6a426f078ceeec48e39ab69ad198caf7d489b44d1edbe499d6eae1a38f135e5e3dd450fc8e8d8590f1b563c65428e3191f28aad612df58f8874b92692da48ccbe445716e79cbdb95e15940cb1607e5e33bb1dabaed1fc2d673c36fa86a70c6eac6330cda95cf96973cb2ed584b01c86660d83d09cf7ae535d58ac6fed67884522452c71abc3c261709f741e3be41ddc5211e8926ae50e5647651b4831fc84ff7b81e873cd69e91e2331bc91a48ccbbf7a2e3240fafe20fe15e3d3eb0a14ba824838dac71b7fc2a3b0d5a5fb47988aa540ccb86019f3c7ff127f3a04ef6d0f7bbcd692e2cee984a4b471659cf5e3e63c74248cfeb5e713f88a41211bc8e39c6d706b265d5f6a49ce7ce859081ce7702be9ee2bcd86b2c067cc5f9be6fbb96fc73dfe94f57b0414e5a1ebb77a0c84e442e0632063851d3d2b1a4d0a551c42fb7a9e0e7ad7ec1683ff04e6f8fbe21b686eec3c1cf7b6f70ccb1c9617b0dfa4a5792abe53b67a7e95d1dc7fc12f3f686857127c37f16b91d560f0cde5d31fa6c46f553f4ae6fac53bdb988f6d456f247e281d226524f972803db03e955fec128e0ab91bba6cff27f1afd83d4ff00e09bff001b6d0334ff000e3e20603719f87dab1f5e1b1063f1ae2b52fd813e26d8a3acbe0df1a5b95e59e5f026ad003d33d60ebd863daa95683d83db527b33f2bbec72296c641e992bb89a96de0916585dc11b6452772e00e78afd05d4ff00640f16698cf1df691ae59b2b6dff0048f0f5f5b9f4fe28bae6b89d47f674b9b0044d702df9da5a7b69216fa952a091ce302ad55a7d18fda27f0b3f33757f13de5d78867b999dcea6a90e971960224815dbfd21a3da776f90e573c7c9b94e77607b6ad943aa78c6caeee407d13c31a64696f20062ff004868e32cec8095c796628d598846fdde4649af07f8a1e1f9bc2bf1435bd0eecaabd9ea7bd662de6c6619992e21624292542491f4feefb71eb7a7eae2fc436e266b28a66022567f92153e632856f9882597733367ee92c70db5b6959c5491b3778c5a3a0b8babed77559a1d3a391c84f22692d63f2d20b757f35dbece17055402ec76953b77024e36ea45ad0377fd8da434b78d6ecaa65dc4452c9b71209ae54e064c6cdf230f963ce4a80cb4628a59e05d234d57834d28cb797d1b6d5bb72ccbb550905702420ee60f8ce7e60ed56efb5fd07c35692e876114515d4a06ef236de4ee6466dccb19cbe4862586e3cb03bbe521e0ca6a4d6877969a8cda54cd1472c8f3ab1b5bd778570e50aef8f2d850db995f6955fde2a81b5b0476163aedcf94a91dc0547948fed19a3dd6d12ccf23294317cf24c05b328dbb5430213182ade45a3da6af75756b2cd6e96de4ca8da669f72893dd3ed5dc24ba5cb4488aca1cc43eeb31dcec2bb3bdd42e65b9874b92dd0488f03bb8dd0c7a732111b623655ddb5238616f5d99209f9886735adac74b73aa493c896b6aae96f1ca5ae2f56559a247215f7798bf29e195377206e7550008daba66d49534b6b98ae264f2a765864b793ed109936a2121c711bee58f70651b426555d99997879efececfc8c99e09a76ff8fe7611c8f3346cbe5ee2082bc6e652bb8b2a91808aa72af359b7b94bcb97b4b8981905a79b0af932af96cc6288ec2558386c1cae547cdf7fe679e557b93cb7d91d7e8ba95c43a7cf7d740bc1a84725cc4996328663215cf2a4aa47b0960581dc1d89dca24f45f83b6fa8fc5bf8bff0e3e18e8c8ad17c41f893a1780e216ce1c249aa6a56ba76d8f956d80ccc49c2e705b8c6d8fe6afed33a9eb7716faddecd6896f73f2d969f22580995e3ff0058de595201f90b0445c9e8bd01fd42ff00825acfe0d97f6d7f811ac7889f4fb0f0c7c38d5efbc6da84f142cd96d3f4dbc9b4d518dcb91791db65dbae0f276e2ba70b4bdbe2a9d1ef28fe7fe4618a97b1c3cea35b27f91fdec7c74f126892fc37d26f276d2ed8e9dae58c9e65f4eb6b6ceab15e2af97e72855257e44577392e58090e56be689478035ad16d750d260bd86cb5599619352d46ce6fb2deb3290b24230155c9648f7c6c07cbb7cb56c86f9f3e32ff00c140fe0b786b471345ace8b23e8ba847a95c0d535cb1d2ed7ecf1c7340d23f9ae0314f3a164561b77b02db4edf33f3f3c3bff05dbfd94bc37a93f803c43a15b5f5a5dbb33ebda56b16faf695a53cd24ccd3451c21b6ee2ef83f36ec0c0f92be5fc46c156c57144a7868f34553a6b45cdb391f5fc038aa787e1f8bad2e57ed27d6dd207d65f17be13f84b56bdbad27c43a2acd696d1892d752b6b0b7bd88b30903491c8322370c9190b84cac80ff1e0ff0027ff00f058ff00d973c2ff000bbe21fc26f8b9e0d99204f88506a1e0ff00125a5969f1d921b8d2d63b8b6b992589403733c37724259d77bad9a30121562dfbe7f1c3fe0b23fb12de5bb5d7c3fbef1c7c49f132d9a8fb268ba3c761a6c3246caeab71717b342ce1642c58a452643a0dce321bf9affdb07f6b2f8a5fb5af8eb448bc5b2685e0bb4f09cb2eafe10f01e93a5c3ae68fad32b5c8f3cdf5c2f993ddc305c1b72a123fb8ccb1ef624783c3996e6986cc235795c68abdf9b4d3d3fe01f479de6d956232f952e64eaf4b7f9d8f80740d1eff005590dbf87b47b7d6afacad7ca8ace4bfb7b648238c36d58e3670e5c36d2555371da4ee39607aad1af3c6f1a44e963a5b5ac47cab8b5d267660be5868cc7248a9b41dab2210d96dc8ff004a7cde08f096b76f06b1e187baf03f8b6162eb71a2ddcab6934920dcadf65dcc5412a788762603677003363c3be29bbb8d4f506f13dbdce9de2fd1da1b4d5359d170b71aadbb729349086559c1458c2ee6f302a00ae8aad0d7dfadae7e7addf53aab4823bd8dddef3fb3ae61711a5aa2b5fd9068d595a38dd515d594c85b0576379e725324d79c788e69e12acd3f9927da63579176e571e5b2a7008ca8dbc648c38c1c6057b0df5d0b9115e593fda44f1c6f04bcb4b1ee5578616cb7cfe52cd950a7238dccc36d78f78ca259ae23915a58e47bc592e55b6c6e8cd236eec32a4153ce4fcc7a71408c1b99f7b11f3609ce07a7f9350452cb0cc16246ca10097391bb3b973f8ee18ff64550ba2b0c9f29c1231c923f4aacb7b2332c8cc4ac6c06c12153371f5c7f7a9a5743b49ec76771772244aea001b4679076edf7f51fd2bc925bc95649006c00e460f04576b1ea0b7091444b0c9fba5b31a6ec2e7afb9ffbeabccaf272b7774a1880b712281bfa618d69056d59514fe167ae697fb4f7ed01a3cb09d3be25788adfc97124022d4a4458db1fc38231f5e2bde7c33ff050bfdb67c3847f62fc6cf1bdb6c4c2187c477716df6cacb9edd0f5e2be548a18d46d08d83dc1c6dab7f66b700958812790181e693a549ef1454a107ab89f7b69dff0561ff8289e9611ed3e3e7c4681d0ef592dfc53791303d33feb335df59ffc16e3fe0a79a4c423b7fda0fc7ce87e5c5d6a2fa9038ff6650c33dff1afccf43120e20b6195e8d147263ef7a8cff769370718f2635e71fba89633f9aaff009e292a1457d93254284d5e505f71fa6b37fc173bfe0a645365cfc6dbbb8dcd926ffc35a5ddbb37fb4cf6c58d7337bff05acff8286df48cf7df14ecee0b8f9d67f0568ecae063d2d71c11dfd2bf3b3fb3227fde3497f106ebe5dced03be482318a9d3468180c5e6a2b83d249e36efc73b3bf153ec70ff00ca25470cb6a6bee45bfda0fe3f7c47fda47e218f8adf14eeec350f194ba7dae8f7faa699a15a68515f4569916f24905bc4919942b6cdfb77158e304fcb5a3e13922b88c18da4b97f27cedb6b3b2cc8cb8f98a0cf5dbbb8eec3b8c5640f0ac1731b472df5cb46e30c1d639233fa038f7ac1baf036b1658fec3d511a071b654b866b575ff74ae723071d8fdee0d5392b72a349495ac8f569b5dd6af601636b791691612cd89e452ad7f32c81b6b292c31858e153db215c1392d5bfa0d8e87e1e0b776f7c8f3dc1596eefa4713ddaac9b5a4914b9e3e566db965e41c1f98d7ccdab8bdf0fcd696daaccccd35af9b19b6944a444ccc3772a0e495638cf040acd975e0ea14ea73ca9e612e85a4824946e1f7b1f2fa1ebc6daaf669ec0a17df43ecd9f5fb5b7bab851ac585c406ec2477ad72a22b95f3182c91ef28cab80cdb5b69f5d8558982d3c57a4daccf35c6aba62896168ae516f951a40b8652a87be5b71ff00672a06552be35fed7d31caf9d1cbbd8619c4d90bf7b77f7b39ddd703df3502cb14f77059e9d73731c93491c7097b868e04662006ddb8e064f53d2a651b6c0e9291f4df88bc5224d75ef209f4ed4b4f40cf04775e208ec2c4334322854f224531b28f2d802b22978d0b36c223a641e2395058bcb2e812c8ba9c9a95d5e5b7885a3babc59bece9e5344927969878247f32dd55dcdd4a1dc7cb8e43c35f077e2a789f5eff00846747bc37da91d064f10a422f1ae716d14d1c0cdb8a9c61a703f3f71557e24fc11f891f0d349b0d53c5b6296b1df6a5fd9961ba3f39a598c6f36c5ca8e02a37038e7a56b1a13a94bdb4358f72252a54eaac3ce569be87a0f883c67a4ebb73a66a9ab5c685a56a8b2cd36a1a878796ced21b8171b9d614b38628115559a428583ec49020601556beb0fd9afc6fe1ad2f46f8c7ae7867c79a8f85fc67a37c35865f04ce74d8ddb53bcbbf11683a6dc4713386882c7657faa5d6f2182ae9a57680ccd1fe54c30ead312b1a00f18f2c7ee02c8738f4e4f51cf7eb5f477c34d0fc5f69a64be26d0f5d4835db10749934c96059e28ed66757c6c718dc5b738c1c8f2f839de57369c1f345d9a2aa528ca166743a9f8d75df1feb57167e3df17ea777e2bfeda377627c61397d16fe4672bf62bc840f2e3c60f93295600b4a19017df1e3f8934ad4a0b99b57d37459208ad8fdb3c47e0fb7b955362d8f9b50d1e64257cb7eb852ca18c80ab29f97aab887c27f1796efed76c348f16453b7f6b409036f818364cdbc8da0108c005427961b4edd87cae3bbf1d78075386ca4d4263058b99b4ed4253f68b75f936f97236e3c6e648dbe6c10a3aaed225ca57bbdd934da4b963a1e8da3dd5a6ab66356b0b98efe3b38196e2e6c205b3d5ad58299192ead772ecdbb9d77c4423061893394367598adf58d22317afe4c902fda749bab5cc335adc2966578d40cfcbbb738dad9dcdcae0572161269daf6b2d71a434de04f88be67996f689386d235addbbcb8e3c8d872ccabb39076ae369c30ea9bc5eba65c2587c4ff000c35acc6e238ecbc45630797a65d2c2ccbe731ea415dbb994ba918f9707890b5b420d1759ff8495a3d1b57864b5f185ab1782f2ccacb36a619770b856258163b72e98f9fb371b5b45a49e6d66d2eb57b6f2755b1b76b2b6d56de18de1bd8e45fe35381e62ee95cfcbf2b2820f0c6a9eabe13d23c436a9ab786757b296e607f32d1918c4d12fccca381bd8ab091732aee1c12a062b5bc3fe229c4b6965e29b7b98b52593eceb2b6527b831b798fba3764c3865cc8e5f1f2a6f550374601a9670a6977733dba9b8b29f7327cbb7ec8ccc245562c768de8b16147dd32650657cb1e73e2ab8453188f3e489c3448f293344a0e155bb64055e0f6c1eb5eb970d6976892daa4a904bf3dcb183c958a467c2b2c8ec546e2dbe36cb1da8400362c75e3de3592dd7518da2de9b9fcf68f6ec52db5b7039c173dc9fe2652463a5038abbb1c75cce65ea8fbb18c3ae78fc7dc5523748b807704ddc28e029fc29925e2c6cc18090b1da119bef7dd3f5c9db83ec49eb5857734c4e54128e7705dbc7f0f6c75cfad6ca293b9b256563a15b9545442887272d203876fcfdbd2bce6f18fdaee8e4f370e4f6fe235d141285f283c6c642302519dc991fe7ad72b72ca6e6e0edeb3b1eb8fe235416d6e7a78452993b8b13c0c6d03fcf3f91a9d37640653927818ce38fd2a6484804b64160a09ddf2fea3dea6f2f69c93fc38c83c7d7d6b1726ddc7b945d40c9c8dc0776c71baa3014364818ce37edcb7f9ebc55c31ae3200191f3671fe3ebcd546ca8dbd71e9d0e3d79ed5a46575a892b688ba8ca15b0d95031819e7ff00d66adc1221e0f3ce4f1d3d38faff002ac7570719da40046d0d96f5fcbe956e390e0004920677edc11f8ff8d4383e863d4e8a39555598925703afde1e956167dc368208272db9718ee2b9f49d8e72e718c8dbf313f87f5ab02ed604927450c6185a7daf1e47cabbbd33f53d3ae6851bc798894b959e5be3c5fb56baf1ed205a59c36fb4c4c31f2f9bf96245e7bf35cc5ae8734e19d10bc63a951e842fddebc673f857a1adb5af88da6d52f4c8ba96a323cf72f048c88f2b3e772ab06c7241201c7500a853b7b9d17c30ad7f258a798ca5e0863f323cc91cd710c9215ddd1b6911f00f25d49230c05dd4558e96d2dcf016d064cbb1496355192361247bedebd8fe47dea9dde997360b6f2b8758ee0b794f8ebfe739afa7f5cf06186d6530daabec2d2b3e182be0ed6ebc0202c8d924673c721abc8b518a0d57c69a1e848ad1dac17b6f66d1bb8dc4348bbb731381f29ea7d39a5ed3b2279eeae8fa93f616f1cdff00c37fda43c3d1f8b23b86b7f13784f50f0adb1bcdb33169e25bcb55477c821a5b354553ddf0066be8eff8287fed05e11f1c681e06f875a05ac31eb5a0f89bfe12fd5e78e3f2c596db396dece1971fc4ff006891f1f782c319e3cc4af9f3c77a2d8af87355f25e28eef4eb6b53a5de22ff00a55b4f24d1c71c91b0019582ac8eacbcee4c165279f83754b9d4cdfdeff685cdc5c5d3dc3b4f3dc4af2cb3b337cce598e58b7cac58fdeea6bba9e3aa47072c246364ff00ad0e2960e956c6471b37ef256ff827d9f2f83b4bb9f2355b28e0896f2c53502df6c5c32cf1eedc553e7f995b8247cbb9720fde34742d427f08eb1796fa859dd36997512acd3c70ef70b1a929e646bb872db4ef27b9fbb9e743e0df89607f066813de330fecab86b1bbb833ac2928497747bbe53212a922ae79f941fbcbf20f40f8831e816b6f6eab3c627bd08c64b4b7486ca6b459a349e49610caccb1b4eb1b2ab376023ff9e7e6bbdec6bccd4da679ff008c3c29a67884c3e23f0dea42c6fe1292192d76adb294551868f00ee0d8c7cdc8e46dc22d7196be3bbf683fb07c6ba67f680590a35edb3335ca3305dad8618ddf3f39c3743c7dd38a3c4105bd9c696b6d733dd6b644b6f6a6dfcfb6b48d62b3b8b7db20cf992c9ba6df6cb1aa2b7d9f123ef648aa5d6a771a85db5eddd941a558c91aacb25e228c2c31ecf30799c12e44651917cb6da406dcacf54a2dee69083bda46c5e45a2dee9cd657e86fb4b8e2ce977c2209ab69ac57e55122b08c65b8dad95db92067683158f8c3c55e1e87eca24b0f1bf87633e5bc17a9e66ab0c78c7efa4c12760f94799b82f20050556bcdeffc4da7daced1c5711de47148db248577232f4c852369fba3eeed3c118c0561ccdc78950484da890aef6762e36899bfbecacc7249dc7fe046ab911a7223dcedf51f879a94a2f749d5aefc0fac44373c6a5ad2da06ddbb6fcc595b9623e5c1f9721724d74116a9791213a8dee91ac230f33eda920864ba6eacd3cc5b73b6e5ce4336de7e5cedc7cbe7c44eccaef1f9b860dfbc01c8c718e7b119fccd759e19d3f56f11437b75a54da65ac962d1ab453bc914aa5b25594aa1e0ec6ef9fdde31dc270b2b89c2cb43e9ed3af5e538963c031abc598f6407eeaab796d1ab0ca8c6edaa5428c28059abcb3c657892df4b6c8e87c81e5ef54c00bced5f5271c9dd9396ceec935059cbe27d22d71737f042e636848b59249de556c96e5b0a031e4821865b23040ae3eea669339cfdee599b0cdd3d7bd282d6e28277e62bc9280fbb1925959b8c745aa735c0f972aa39c8dbd6877c123a67fbd59f23ee238edd41ce6b5351eaed20703862db81db96f7fc8d613125989e72dd718cd5c91cae4ab739e83906a8d007b6955007cec5327e62304f3fe79a40d9e8c3d795c7b7f3ab7244aa195c12cadb4f07d79fc46698b0e5c004e7773ea2b9c98d92d0882315c90df7b0370c807d3f9f4f6aad24673fbccee18ed81f88f5ea735b9b21588448c060603018618febef5973c7f2867421feeef56dcac377b534ecee11775731ca0570157248e38cf61e87d6a542490aa0927fd62eec31c7b63dea39028271b8956e8781d47eb558c8461b249538e1b181bb1e9ef5ac5b68534dec6ac4cbc818e4819c6dc83fe473505fcdb2c6f08392f693a927e711fee64f98f3fece01eb9231d31552290ec40b92c405183927b6067ad5ed5e15b5d075367f9e692116e831b89f319598f4c0c7978fa1344a5632d1ee725a54f2c36b0b4315d7ca19d8fc811591700ed385381d723a31f4cd7b2689772493d8cefb5e5bb796e0b16547658e1822f2f938f9049b549f9a4db9c763e45a4c46e12dd2193e69a201a078d5a327e6ddd411928a39ebeb8af4ad264923d622cca53cbb12ce63431a95925756561d701554e7af438ee26a1a55bf21ec26e62b8b682378218639608e3d9f7a3076b4de76d77da7f8088db0a047d8b1dbf21f83b6dc7c4fd2c2950bff00090623e5c20c3305e9f3765e7af7afa5efeec450bbc88c5a38da4dcc7cc0eaa9bb72b1194561b71b46d6c2fdec7cbf2f7c3d1f6af887a286c1f3b56df26e01c81b8b371fc4463a01cf61daa63d4ce9cb995cfabbe275dc8b3693a6c44ecbfbb82fa64797cdb678eda194c8cd85dac096b72e1978da7242b48c3e74f8a3e1b58de2d72d2360b2c9f65d406ece255c283fde6e5482ed8392037552fed9e30bc693e239b496485934bd0121b6d9308d629269a693ef062a0ed58f9070155371550ccb26a9a5a4b60f0b8b6b98a5611dd2cb0ec27e5668b6c922ee4185c608dcbf32e18318ca5371766b466f4a14fd82927eff006f2ee7967c22f881a7f84b4bd4749d5b49d63516bcbd8e4d363d3553733c83cb6898c876aab1f2d4ec073e67ccaf8da7d13c4bf113552cb6b79e0e86c1d2269ed8f8835b64b98d2685e091b6a05958481a4dc8640adc8230bf2d2d5349b68fc1779a969d656f1ea1a4345a8178a36792ddad66f3190e599785563b816ced63b8e598fd006ef4ad69349d467d36daea6bbd3e292326049271b9155d518ab1272ca79e41de7d18b96fa1cf26be348f99b4ef0ef8b75bd317ec1a968f69a6c12cb690d968d6c821b55567bc78b2e59d230f348c428dacccdb8f0732ddfc2db592595f54d56eef6ec9937497370d712332aee5f9dcfce5b728cab1e84fbd7d0b742dded82c10324225864d96f6e1362c7baddb6b01cfcdfc2c0eef9bee165ae6649a4bb94cca2de1f943dc23a03121689a23b5f7e4825181073b42820e3214e690d49bd4f01d57e1ad8d9c70cd110636b95f31e49363b2b1da7dc6df31738079e95c4ea3e0ff0024388ce5a35fba21dbe66d1bb39e801038ce324e71d8fd3d72b3085fcc86d6197742ecf323488aa248b1b880b8e164619c1fba4118cd665ee9297f6d0a9d8aebbb748c7cc58f74921465caf757da178e18e4641005268a5268f90df4896363889f232ac4ae31dba7d78af47f87d15c585f3b00443730341904ee3c8933cf07fd5f0d8fc31d7b2b8f094714f9785d119f60668703a2b654e41653f29c9e4861c1abd69a4dad8b079d6429b37468a32ca8ad1927736d193fc23b9031d2a9caf12f9d5ae66eb536ecb13803705046e1fc5fe2b5e7f33eedc493d71f30db9ae9f5a98a5c4e9cfca705493b8f01b9c1edb88fc2b8b9e46078600f4e79cd543e1082d2e3249590f2739f6c62abc8c0c63637cd9c9f946e3f4e4fe5492370d922aa6429c83939aa2c6cee40241dd81c718aa21b81d3a7afff005aa795fe56e08dc7033d2aa5007d15aae12ede651fbbb9c5c46518ed2adcfe6183719c73ebd338ce01cf531fdd383dbd78abd6d6f7faa78774c92cf32cd6e7c89b6c5e6b3236e65eb9c60af3fef0a853c37aeb925a3b8e4fddf236afaf41f9fe35cf2694b532564ecc80dce17e508095c004963f96719ff3c5576943e37317cfa9ea7fad6b9f0dea718732c5392a37fcd17273f8d664b652c3b8480a8c9cfcb8ed81db8a49a7b1a2b74332440aac4baa866dbc9c329acbb8640df29c60fca460e4fe35a771f22e79c0f9b20703a63f2eb56344f0fcdadcef3c84c3a6db37fa55d7452dd7ca8fafcdf2e49e42e093ced07a16c31da4da4490beab763659daa6c42cbf2c8ff365b3df6f407fbcdc6769ae6b52bf92f74ab8b820ac52cb235bbab131f968be58655e9c6d63c0ec697c77e2386575d1f4b702ced57ca0213f29c7017e83a7e1eb9ac89fcd8b47b3b751b628f4af37e51b5cf9ac64e7818c861531776d99a85d5cbda76618629ada665655d819a3c4adb987cabbbe503e666186e559401d6bb8f0e3c936a774971265922b58830ff474897cb593d7394dcc4aaf27cbe80f15c2696c89b2069991080e06f50198e3b13b48e31e9d73ede95e0f9a45bbd4a5b458c4935fb02ec234322abed546c02bcecfe1c6edbfecd2a839bb2b1d26bb74d6fa3ea970d23c7b2d269e092e2d43066cb2fef0e46d9013f2ab961f40463c47e0dd935efc48d1a24c9c1b86091485777ee645dbb87383bb19c8ce719e6bdbfc612cafe14d583246ac964ca4453b61d7ef29dc5896c798c3736ef4e38af30fd9fe255f17df6a92e045a568f25dbee60a815648e4656c900ab2c6cad9230ac48208a4be0223ac2e733e2ef1adf49f113c47aec21c39d6e488248db9648e0610c4aca3d1625e013ce48e82bdbbc25e2cb4f1259a5b875dc4c6b8daa594bf5592154ced0379c2ff007372a30023af9835bd0f57b59ee2eef2de5659a6699ae634f32de4deccdb95c7069da16a5a9e9373677fa6f0f0b959141561300412b229c8030c549c7dd63d8d5a49ad4d1a6f589f66ada4b61a66a76d069773acff00c4bee3519f4fd2b4d9354b992d6189a4b99bcb8c1c41e5e646917f74a3a95c0916afc3af1247aa7817494678849a42c9a68f96491d16329e59601c7ced1f97c85fbaa7ee80d5f38c5e32d66ef537d4aeaeee65b9994a4852fbcb640d236e58f2dc070db5b92cf8cb316258f75f0575286d27d5347bb9e35b6be824bc815764d3831e619372918fbaca791fc3904e0d657d650ec5d4a765cea5abdd7f5dcf72d4a429335bcb3cc64661e6400c863791a58f29228f9924512060e548dbbb0b91beb34344255dcb3fee6764dc23dad22ac8abf2f51ba33d4290a54ee2320d6bdf2acf666e527468e46677b24475d981f68daccc58282465773310376ed9c349cd2ed334e23b824ee6578c86984bfead8a96c63076a8ff0068c638c8c52398d8bcb47f21e58a011fd9a063161bf750b2f98b19da54e08d8c4ed070dbbe56dcb9c89aeae52de7594a822112884babceaad1c2eaccc14639dbb9576925b7f40457456f25b28dceb1caaae59d6e2e24e18b4726e5d8d95656c13c6edb9ceec5727e6a881127de654845bc8893e54b405e163cfb331ce3e525d7a70002279c9b828c620763492c927303952df3312c490a1988c71f2a9da49cd62ddce92068a290ce653fb98e53bc94ddb914e554e30bbb6f466fee9da45c99cbbc7e5a308630a621e61957385f2dba723e5c7460b83d38dd97732aa4b9242aa0771197deacb8daa8548c63e5c00e73f31dab9340d6aec79ff8982a3c33c677a153048e70199a363b7f0d9b40e7f848c0c73c3485be6049e0e738cd777ae42534d9959e32f1ceb70dbd7cb79d9bfd63aa818e7774ed8f4ebe70fd7f0ada1f09b256561cc4fcddf271cf6a889c027d2909c7627e829ace47038c8cd50cab70fc0e72dbb38eca2a307201f519a8ee1f320539e0004e7e63fe1463773f9e0702803ee4fd95bc43e14d0bc5de18d63c7761a86ade0bd3b5453e2bd3f46459f5796c595a3b8fb2c6f2c68f2aac9e6246f222b346aa5d41247eac5afed4ff00f04a5f320074bfda31213b7ed2aff0af4b32a6ecee68e31e233bc7cb8edf857e26fc26bb5b2d7aff004a9197cb690f97925432c990a48c701b2a7f1ae775ed3e2d07c47ab6980154b3d458401880446c774591ff005cd97afa1ae39e1a156a3948e69505396b26bd0fdc2f899fb4d7fc1336c7c22d7bf0cbc13f1d7e24789772c72787fc5fe11d37e186991ab13b9bfb422d5f5090e36a82a2dd5bf79c1e2bf1ebe357c50f0ff8cb598b50f057c3bb2f869a7a868ae34db3d7eebc446e9db90d24932a80ddfe4551d3e518ae7348d075bf1684d37c31a65cead7f24889e559279aa9b9d46e91b84419e72c40f7cd7b9c1f06fc23e04b61e23f8a9a8d95cdf5b13341e1c824dd6d1161951364e5ce368c1c2f5f9583034a3469d27a3bf9170a51a6f76fd4f05f05f81756f13c6bab6a2d3699e1d881924d466fdd3dda8c65605c1cf4c6ff00bbc1c648c541e3cf1c595a46be1af0c20b6b3b75f29a488e79efce7249ea49e79ab7f123e305e789a47d2b4087fb3b4887f750ac2be51741c055c74e98e38f6030078ac76ec0ee621e53c9663b8a7fc0bd6ba5464fe2e86893bf3321484162d316663c10d8c8fc7df9adcbeb962a6071bd96dd542b1f99700ed5c8e490bb47359de5b648e98ef8a356ba8de7b89216f2c79bf282146cc7cb8e3d9579c738ad0a35ece15bb782279638cb4aaaacd26c32b16f6cf407ae3f84f15ea5e058a27b1798472cf24c773b26e126e936fca24071939dd9186071d4d7864774a159e47c1f2982f96b860fb7f76db8b67862b5ebfe08d4a0b78bca32caa6483734c36ab8c36e1f313b94290a014e496c9fbcd899fc244d5d5cee35f8a3bdf0feaf691dc5c3c90d849fb88fe75728aac182e79daaa3eef03712701949e2be0fa59e9ba278bb58bf38b46b7874a91c020fefa48d4af0781fbceaff002b2e7d0e3d36d3c4565e73c1777d1849a6f21cb6d648fcc42ab2063866c2973904637e473865e5b4b81341f0ca69e73241ac6b971a94b6fb36c62dd519209028fe190498071d6d9c7455ac4c7685892efc2da2ea968f2e9773e5f9e9b88b198185cf3cb4792b9c0ede9dab97bdf0de836ba36a915ce9d67f6fb6d3679a2bd489a099592391a360b9da4eeda08e87af539ab9a8690da7b2dfe977335a5ab72d2db3b2aaafdecb73edca9ac2f11deeb16fa5dc26a223ba8a72b696f7f16d52eeee179ff80e79fc2a95e5a134fde95b98f5ebef0df87355b59a73a46936aa6116fbadedd2376dc5b2dbf1f239f44fbbb41000241f99ecfed7e04f1c5b173b459dd86121e526b7947caddb20ab6783d41c115f4c9ba9a5b02d1ef7b912a9313ffac93a2fcbebc72335e2df122d1b51b54d504282e2c42c5318d58bf9722eef9b9ec793919f9ea95dbe533a137197233e884bedc90ac8b1ce9770adcdadd342b790dc6e768c858c05f959b68600a93b86d24b62b3a50d124654a7cc06f59547ef3e5caab316cb1fdd8059bee8c0240605b85f873acc7ac78445a7ce350d3cfd92edd17ce70b19dd6f3143d4019c8057fd56ece53e6eb84897713448b3602aa2981235daaac151572006000c8233b8e78c7cb50f476373505c3cd6c264690c710511babaf9926f8f6f45ebbb6c801f4041cb015cccd2cd21bc81de78e75ba9a493cb5648e5677f3633b73f2e549e07f0b10402370b7657020696249034a1c2afda6466655562acaa9b783b4a8c8638da40f9545664d219efe68e5d8f208a2bc112ccb1c934891343dd54109f6785ce73c28c636b1280cf96560581689a48f7874488b921188933f3677316c6de99dbc62a9dc4cdf6568e642e18619c6dda9b959f70e70411cee3c818f5357e648a5dec4e630582edb6cda825a363d1be6505d86064b6d23bd645cce3cbdbb9a2f2a3ce7ab37ccb1798c99c03b78f9877e8461982a17be87357212585e26f2479b13c45d14821cc7d8962bc48ec33f7bf76303815e6ac704fa6793e95ea32189c8911ddf23cd0a519482d1ee6655185232e78f97af5af38d522fb35fdcc499551297553d958ee5e9c630c391c1c7048ada1f09b1489e704e00f6ce69a70c7d0018cf6a65326622338fbc46c0719c66a80cf77dcdbbfdadd8239f6a4f33dbf5a8cfb0207a1eb45007b0786eee58f5fd16f5141fb6c0b036384778f727f4538efb8715fa49e2af813f0274fd03c03e36f1b7c40b8b9f14eade1b5d5fc59e1ab3b892cecf4e91a7956dec64e8e658e1862924922650cd7855788f737e7f78cfc7fadf8ff005c7f113f8634ed3751797ce96eac626d31246cfde6588a293ea475ef9ea38ad7752d67546f3bc47ae3cc48ff008f7339654e36fcb1a9c6074edd2b19427377bd8c66a72947deb1f63f8bff00697f07784b49baf0a7c29d12cade08e4c26a16f0ac5236d6f958b60f3d8e0e4e39cd7c6de22f12f88fc5f7725febfa94ef14cdbd6366d919fbc7e551ef5cf7db6ce1056ca262ebc09e75c86ff6b1dbf1a6a4b25e3912b70177647de3f8d5c29c60bcca54ecf4635762e561565e3e676f99e4ff000e3f3ab0a3017b6792475a902205ca8c6d38c8a6b1e49c13f418cd59a225b7824b9b886da25df34f22c10c7d7cc6660aa3f127ad60eb76f1c1a9deadbc8268127648a60a51645562aafcff007b6ee3e8588ed5d26997cba75f2dd3c467f29240b16f28bf3c6ca18e08276960d8cff0e3bd605f379f2394e033ee2082a280ea640322144660a59b180786f4cff9f4af46b2b7bc9eda092dc877230abb43483e5fb981d411b874ef5e70fcdcaf3c024601cf4ef5dbe95a879169198b6f9a5c290cdb88f9b2a59781c7ca7e6fee9fc403a3b2d1efef2e61deb1386b950d10dbb2e246645555c9dbb998647cdd5533f76b7357d591750b6489fccd3a055d32d64f9a35611e7cc9933ca89a46966dbc6df331e95522d6213a75c6a108892ee556b2882a34ad24922b34d2b3b2f1b432aae3692f20230533587ad22c1a5e90d19eaedf2ede31f29fc3159c135b9cf51f35a28f54d235086684595da89e39623e56ff009b76dfbdce382476fa571de35b3fb3e9901812410bead6ecc8b266de5fde76cf20e4e2b2ed35e6b3b61332ef16eeae30bb41ddb4fea73ce3bfb54d7de2ab7d5ace2b668f6fda6fecfca0486542b756ec783ec1ff00efa342834c88c24a5cc7a6451ab444417017cef9e34924c12cadd03e703b5665f41732c37b1f93e744d94b88e63bd4868d777ca38ce0e734eb196dcda976558ff7987f2ced8cfdd0cdfee9f5fa53957e699a0972ecfe61412799bd5630a79eb9cf1c1c528692b192bab33c7fc1baab7843c5d3585db6cd3efc369f70653845566fdccbb88e36b73bbf8739ea2be86bdb4b9324d35bec4fbcf222ced0bcb80ac5a35e303e6ce173b7cb6e82bc33c79a62dd403528102ddd98c3ed20bba1fd4e0b647d4d779f0ffc58fe20d1e3b1bb9a3fed3d3636818c877c975188996370a4e5b078650c371c671bb34e6ba9d5cca70e6362f261692ed90aa3c32e61403cf29f7485e4372471ce72b9fbd59d7ae63992e6dd4492453b25c217cc5e5c8ffeaf79e060c718e40c88f15d3ca8240e5023c4549963b48d660b985640ccd9e32031dc07ca5b24af3bb0e54114a577caab1936ee18799e581347b97ae09270bf2f53807054d6649c9dceae8aea924ed6cf23899d6506d25dade59381d53d005fd07549354b598b469379ec87e74b646bb61b964f4e0e0ed66e0678f9be6c1b124ad1472a4c92328059d2451181957e1cf0c429c75ebcfdd0699e6979829061258feea2566f2c0663bb69392c4c9bb9cf0081cb1aa56dac6eb630aeae6e2228b1c6e9189719999510ed32676c6016e36ee396e8a0571fac47333c173248927981a2fdda6c54daccdd31fed7e86bb19a5320cb08cc9293b82b6d452d8deadc609026933d867af4ac4d4ed19eddd86d25089a32bf2a2862cc473c907731c8033c715aad8672031df3f8553bc604855e83e6607f4ab25994374e0673598cccec58ff0010dc091818a60328a5c7ff00abbd25006e4dac6a570ccd2decdd718df83fa7354f7331258b3313f33336e2df8d428bcf3cee3f4c54d40ac82af5b614e7683b46718ce6a92f2d8c1ebcf1c55d8b8e47738a0669798155405c60e41e99e2a212367923693ce7807f4a1beeae3ad47b72c33c8ee3b9a00998827236919c6474acdbe904512ba8569036cc92707ef7f9e6aff380b8c0ed9aa17e9be35ff7b9c1c50061ac80bb124866048cb640ff000adfd322b8b8060c324684319594aaa606d3ec7e82b1a08374a01561e808e4d777a700b028236e3a80ab8341326d2ba346e159b646b84544112239dbb1473b71d3b2e4f53b9b39cd1e26212cf4f8d0aedda3700d96ddd3fcfe151a30795033301bd72db700fccbfcea7d6e3f3e28239142e13e5c81c631dc7a5064a494eccab731bdbf87bcdc01b8a6e39cee07f5ed8ae4d6e07976a15515e1b98ee415f94e1594ff00ecb5deac2b2e84f6f862eb01006d39c80ccad8ff003dabccadc192ea687386fb3ccb18e9f305ca8fcff9d0553927a23d3744d6a416c90171e643290c31bfe561c63b754fe55b73eb7269974d76e9f6848208f7796006dbb46ef6c7b6335e4d697859b9e0395ce3e5cfdec57472cb24d6ccc403e6464f0b90b8f7f61c51e64ce945cae7a6ddcf6b7b6fe6c5896dae22e54f2a432f4dbd3d457884e6ff00c29ae5bdf69f3c9179327da2d675f994ab7de539e318c823deba4f0dea723dbfd989cb42f85c9cb10dd7f2c678abdaa59c37a8609ba0388d9861938edfe3419c24e94f919e91e1bf1458f892081e0fb3c5a8c43ccbbb0707ce936c7f75403ca165cb15ecc30bbab4183831c912c6785899c1751300e8aa5802cc000b20c9ddc8fbc73c7ce0fa66a5a65ca4d673c903c67745342e51d38e7e61f8feb5ba97fe239805bad51f681bb71891e47f9557a907b2a8f7db59b836f43771bea7addebc5196324912bdbcbf2a471a4911506445f9b3c9c055e141f94702b96bebdb54219264f2c6d2a034723b6dd8df3b0cf386e84f1f3719ce781b94bb94969f52be9cb31621df72fa9fa7359e2c50b0732492323f0acfbcb7afe18a718db51c53475171ae46888b19669b665b68ca3373ceee99184200e3d6b9e96ea694140ef1c64fdc0e4eef727aff009151b82467278e79e49a8aacb2297230b80723962391554c7dfa80bdce40abc53230ca4963d7a0069be5740b9e9f5a00ce65e9d73f4e0534ab0eaa46467a66b43ca18e31cf5ed4c65c1e573400d5e3e5f4e7fa53e8a280275e00fa66adc4a31d3de8a2802c1e899e68ee31c67a7b51450049b493cb74191c557b85c4273cfcc3a8a28a00a51a85607afd466b7acdca2b8eaa06429e83da8a28339b34619773c7944c6f07f8b9e7eb569f50de5a17b685a21bb0bcee1c7f7a8a28330f3d828c0e36636e7e5fbc6bced498b565287045d75031d5a8a282e969cc5197315e4ca092229c84f45f98f4f4aeded891a7c84e0940c4647a965ffd97345141a98fa2c8d1dd3aae3e69981e3fdaaebee9db11b658b322b677631f77d28a283097c4432b9950678289c1ce7ad6506fde00727e71824f23e6a28a074dddb4c87cf7c9fa76e29858b3a9e793cf39345141b159f00118e8393eb50e3e6c7414514012d03818000e31d39a28a0080f53f5a4a28a00ffd9, NULL);

--
-- Indici per le tabelle scaricate
--

--
-- Indici per le tabelle `classes`
--
ALTER TABLE `classes`
  ADD PRIMARY KEY (`id`);

--
-- Indici per le tabelle `courses`
--
ALTER TABLE `courses`
  ADD PRIMARY KEY (`id_course`),
  ADD KEY `email_creator` (`email_creator`);

--
-- Indici per le tabelle `courses_users`
--
ALTER TABLE `courses_users`
  ADD UNIQUE KEY `email` (`email`,`id_course`),
  ADD KEY `courses_users_ibfk_2` (`id_course`);

--
-- Indici per le tabelle `exercise`
--
ALTER TABLE `exercise`
  ADD PRIMARY KEY (`id_exercise`);

--
-- Indici per le tabelle `invitations`
--
ALTER TABLE `invitations`
  ADD PRIMARY KEY (`id`),
  ADD UNIQUE KEY `id_class` (`id_class`,`email`),
  ADD KEY `email` (`email`);

--
-- Indici per le tabelle `lessons`
--
ALTER TABLE `lessons`
  ADD PRIMARY KEY (`id_lesson`),
  ADD UNIQUE KEY `id_unit` (`id_unit`,`name`);

--
-- Indici per le tabelle `prof_classes`
--
ALTER TABLE `prof_classes`
  ADD PRIMARY KEY (`email`,`id_class`),
  ADD KEY `id_class` (`id_class`);

--
-- Indici per le tabelle `units`
--
ALTER TABLE `units`
  ADD PRIMARY KEY (`id_unit`),
  ADD UNIQUE KEY `id_course` (`id_course`,`name`);

--
-- Indici per le tabelle `users`
--
ALTER TABLE `users`
  ADD PRIMARY KEY (`email`);

--
-- AUTO_INCREMENT per le tabelle scaricate
--

--
-- AUTO_INCREMENT per la tabella `classes`
--
ALTER TABLE `classes`
  MODIFY `id` int(11) NOT NULL AUTO_INCREMENT, AUTO_INCREMENT=38;

--
-- AUTO_INCREMENT per la tabella `courses`
--
ALTER TABLE `courses`
  MODIFY `id_course` int(11) NOT NULL AUTO_INCREMENT, AUTO_INCREMENT=7;

--
-- AUTO_INCREMENT per la tabella `exercise`
--
ALTER TABLE `exercise`
  MODIFY `id_exercise` int(11) NOT NULL AUTO_INCREMENT;

--
-- AUTO_INCREMENT per la tabella `invitations`
--
ALTER TABLE `invitations`
  MODIFY `id` int(11) NOT NULL AUTO_INCREMENT, AUTO_INCREMENT=6;

--
-- AUTO_INCREMENT per la tabella `lessons`
--
ALTER TABLE `lessons`
  MODIFY `id_lesson` int(11) NOT NULL AUTO_INCREMENT, AUTO_INCREMENT=16;

--
-- AUTO_INCREMENT per la tabella `units`
--
ALTER TABLE `units`
  MODIFY `id_unit` int(11) NOT NULL AUTO_INCREMENT, AUTO_INCREMENT=11;

--
-- Limiti per le tabelle scaricate
--

--
-- Limiti per la tabella `courses`
--
ALTER TABLE `courses`
  ADD CONSTRAINT `courses_ibfk_1` FOREIGN KEY (`email_creator`) REFERENCES `users` (`email`) ON DELETE CASCADE;

--
-- Limiti per la tabella `courses_users`
--
ALTER TABLE `courses_users`
  ADD CONSTRAINT `courses_users_ibfk_1` FOREIGN KEY (`email`) REFERENCES `users` (`email`) ON DELETE CASCADE,
  ADD CONSTRAINT `courses_users_ibfk_2` FOREIGN KEY (`id_course`) REFERENCES `courses` (`id_course`) ON DELETE CASCADE;

--
-- Limiti per la tabella `invitations`
--
ALTER TABLE `invitations`
  ADD CONSTRAINT `invitations_ibfk_1` FOREIGN KEY (`id_class`) REFERENCES `classes` (`id`) ON DELETE CASCADE ON UPDATE CASCADE,
  ADD CONSTRAINT `invitations_ibfk_2` FOREIGN KEY (`email`) REFERENCES `users` (`email`) ON DELETE CASCADE ON UPDATE CASCADE;

--
-- Limiti per la tabella `lessons`
--
ALTER TABLE `lessons`
  ADD CONSTRAINT `lessons_ibfk_1` FOREIGN KEY (`id_unit`) REFERENCES `units` (`id_unit`) ON DELETE CASCADE ON UPDATE CASCADE;

--
-- Limiti per la tabella `prof_classes`
--
ALTER TABLE `prof_classes`
  ADD CONSTRAINT `prof_classes_ibfk_1` FOREIGN KEY (`email`) REFERENCES `users` (`email`) ON DELETE CASCADE,
  ADD CONSTRAINT `prof_classes_ibfk_2` FOREIGN KEY (`id_class`) REFERENCES `classes` (`id`) ON DELETE CASCADE ON UPDATE CASCADE;

--
-- Limiti per la tabella `units`
--
ALTER TABLE `units`
  ADD CONSTRAINT `units_ibfk_1` FOREIGN KEY (`id_course`) REFERENCES `courses` (`id_course`) ON DELETE CASCADE;
COMMIT;

/*!40101 SET CHARACTER_SET_CLIENT=@OLD_CHARACTER_SET_CLIENT */;
/*!40101 SET CHARACTER_SET_RESULTS=@OLD_CHARACTER_SET_RESULTS */;
/*!40101 SET COLLATION_CONNECTION=@OLD_COLLATION_CONNECTION */;
